"city_id","canonical_name","tile_manifest","node_manifest","dossier_manifest","adjacency_manifest","replay_manifest","materialization_status"
"city_66635fc3","Akron, OH",".\data\clients\black_dragon\globe_materialization\city_66635fc3\tiles\tile_manifest.json",".\data\clients\black_dragon\globe_materialization\city_66635fc3\nodes\node_manifest.json",".\data\clients\black_dragon\globe_materialization\city_66635fc3\dossiers\dossier_manifest.json",".\data\clients\black_dragon\globe_materialization\city_66635fc3\adjacency\adjacency_manifest.json",".\data\clients\black_dragon\globe_materialization\city_66635fc3\replay\replay_manifest.json","initialized"
"city_756cb4ea","Albuquerque, NM",".\data\clients\black_dragon\globe_materialization\city_756cb4ea\tiles\tile_manifest.json",".\data\clients\black_dragon\globe_materialization\city_756cb4ea\nodes\node_manifest.json",".\data\clients\black_dragon\globe_materialization\city_756cb4ea\dossiers\dossier_manifest.json",".\data\clients\black_dragon\globe_materialization\city_756cb4ea\adjacency\adjacency_manifest.json",".\data\clients\black_dragon\globe_materialization\city_756cb4ea\replay\replay_manifest.json","initialized"
"city_3c08e197","Allentown, PA",".\data\clients\black_dragon\globe_materialization\city_3c08e197\tiles\tile_manifest.json",".\data\clients\black_dragon\globe_materialization\city_3c08e197\nodes\node_manifest.json",".\data\clients\black_dragon\globe_materialization\city_3c08e197\dossiers\dossier_manifest.json",".\data\clients\black_dragon\globe_materialization\city_3c08e197\adjacency\adjacency_manifest.json",".\data\clients\black_dragon\globe_materialization\city_3c08e197\replay\replay_manifest.json","initialized"
"city_fd630896","Ann Arbor, MI",".\data\clients\black_dragon\globe_materialization\city_fd630896\tiles\tile_manifest.json",".\data\clients\black_dragon\globe_materialization\city_fd630896\nodes\node_manifest.json",".\data\clients\black_dragon\globe_materialization\city_fd630896\dossiers\dossier_manifest.json",".\data\clients\black_dragon\globe_materialization\city_fd630896\adjacency\adjacency_manifest.json",".\data\clients\black_dragon\globe_materialization\city_fd630896\replay\replay_manifest.json","initialized"
"city_6cabf985","Arlington, TX",".\data\clients\black_dragon\globe_materialization\city_6cabf985\tiles\tile_manifest.json",".\data\clients\black_dragon\globe_materialization\city_6cabf985\nodes\node_manifest.json",".\data\clients\black_dragon\globe_materialization\city_6cabf985\dossiers\dossier_manifest.json",".\data\clients\black_dragon\globe_materialization\city_6cabf985\adjacency\adjacency_manifest.json",".\data\clients\black_dragon\globe_materialization\city_6cabf985\replay\replay_manifest.json","initialized"
"city_7eb25064","Atlanta, GA",".\data\clients\black_dragon\globe_materialization\city_7eb25064\tiles\tile_manifest.json",".\data\clients\black_dragon\globe_materialization\city_7eb25064\nodes\node_manifest.json",".\data\clients\black_dragon\globe_materialization\city_7eb25064\dossiers\dossier_manifest.json",".\data\clients\black_dragon\globe_materialization\city_7eb25064\adjacency\adjacency_manifest.json",".\data\clients\black_dragon\globe_materialization\city_7eb25064\replay\replay_manifest.json","initialized"
"city_e9054367","Aurora, CO",".\data\clients\black_dragon\globe_materialization\city_e9054367\tiles\tile_manifest.json",".\data\clients\black_dragon\globe_materialization\city_e9054367\nodes\node_manifest.json",".\data\clients\black_dragon\globe_materialization\city_e9054367\dossiers\dossier_manifest.json",".\data\clients\black_dragon\globe_materialization\city_e9054367\adjacency\adjacency_manifest.json",".\data\clients\black_dragon\globe_materialization\city_e9054367\replay\replay_manifest.json","initialized"
"city_a324d561","Austin, TX",".\data\clients\black_dragon\globe_materialization\city_a324d561\tiles\tile_manifest.json",".\data\clients\black_dragon\globe_materialization\city_a324d561\nodes\node_manifest.json",".\data\clients\black_dragon\globe_materialization\city_a324d561\dossiers\dossier_manifest.json",".\data\clients\black_dragon\globe_materialization\city_a324d561\adjacency\adjacency_manifest.json",".\data\clients\black_dragon\globe_materialization\city_a324d561\replay\replay_manifest.json","initialized"
"city_a7350aab","Baltimore, MD",".\data\clients\black_dragon\globe_materialization\city_a7350aab\tiles\tile_manifest.json",".\data\clients\black_dragon\globe_materialization\city_a7350aab\nodes\node_manifest.json",".\data\clients\black_dragon\globe_materialization\city_a7350aab\dossiers\dossier_manifest.json",".\data\clients\black_dragon\globe_materialization\city_a7350aab\adjacency\adjacency_manifest.json",".\data\clients\black_dragon\globe_materialization\city_a7350aab\replay\replay_manifest.json","initialized"
"city_c2cf7437","Bellevue, WA",".\data\clients\black_dragon\globe_materialization\city_c2cf7437\tiles\tile_manifest.json",".\data\clients\black_dragon\globe_materialization\city_c2cf7437\nodes\node_manifest.json",".\data\clients\black_dragon\globe_materialization\city_c2cf7437\dossiers\dossier_manifest.json",".\data\clients\black_dragon\globe_materialization\city_c2cf7437\adjacency\adjacency_manifest.json",".\data\clients\black_dragon\globe_materialization\city_c2cf7437\replay\replay_manifest.json","initialized"
"city_668d0bd6","Bloomington, MN",".\data\clients\black_dragon\globe_materialization\city_668d0bd6\tiles\tile_manifest.json",".\data\clients\black_dragon\globe_materialization\city_668d0bd6\nodes\node_manifest.json",".\data\clients\black_dragon\globe_materialization\city_668d0bd6\dossiers\dossier_manifest.json",".\data\clients\black_dragon\globe_materialization\city_668d0bd6\adjacency\adjacency_manifest.json",".\data\clients\black_dragon\globe_materialization\city_668d0bd6\replay\replay_manifest.json","initialized"
"city_29ef5eb4","Boise, ID",".\data\clients\black_dragon\globe_materialization\city_29ef5eb4\tiles\tile_manifest.json",".\data\clients\black_dragon\globe_materialization\city_29ef5eb4\nodes\node_manifest.json",".\data\clients\black_dragon\globe_materialization\city_29ef5eb4\dossiers\dossier_manifest.json",".\data\clients\black_dragon\globe_materialization\city_29ef5eb4\adjacency\adjacency_manifest.json",".\data\clients\black_dragon\globe_materialization\city_29ef5eb4\replay\replay_manifest.json","initialized"
"city_95b0c3ba","Boston, MA",".\data\clients\black_dragon\globe_materialization\city_95b0c3ba\tiles\tile_manifest.json",".\data\clients\black_dragon\globe_materialization\city_95b0c3ba\nodes\node_manifest.json",".\data\clients\black_dragon\globe_materialization\city_95b0c3ba\dossiers\dossier_manifest.json",".\data\clients\black_dragon\globe_materialization\city_95b0c3ba\adjacency\adjacency_manifest.json",".\data\clients\black_dragon\globe_materialization\city_95b0c3ba\replay\replay_manifest.json","initialized"
"city_9814694d","Bowling Green, KY",".\data\clients\black_dragon\globe_materialization\city_9814694d\tiles\tile_manifest.json",".\data\clients\black_dragon\globe_materialization\city_9814694d\nodes\node_manifest.json",".\data\clients\black_dragon\globe_materialization\city_9814694d\dossiers\dossier_manifest.json",".\data\clients\black_dragon\globe_materialization\city_9814694d\adjacency\adjacency_manifest.json",".\data\clients\black_dragon\globe_materialization\city_9814694d\replay\replay_manifest.json","initialized"
"city_c4822ada","Broken Arrow, OK",".\data\clients\black_dragon\globe_materialization\city_c4822ada\tiles\tile_manifest.json",".\data\clients\black_dragon\globe_materialization\city_c4822ada\nodes\node_manifest.json",".\data\clients\black_dragon\globe_materialization\city_c4822ada\dossiers\dossier_manifest.json",".\data\clients\black_dragon\globe_materialization\city_c4822ada\adjacency\adjacency_manifest.json",".\data\clients\black_dragon\globe_materialization\city_c4822ada\replay\replay_manifest.json","initialized"
"city_46d49fea","Chandler, AZ",".\data\clients\black_dragon\globe_materialization\city_46d49fea\tiles\tile_manifest.json",".\data\clients\black_dragon\globe_materialization\city_46d49fea\nodes\node_manifest.json",".\data\clients\black_dragon\globe_materialization\city_46d49fea\dossiers\dossier_manifest.json",".\data\clients\black_dragon\globe_materialization\city_46d49fea\adjacency\adjacency_manifest.json",".\data\clients\black_dragon\globe_materialization\city_46d49fea\replay\replay_manifest.json","initialized"
"city_5090c3c6","Charlotte, NC",".\data\clients\black_dragon\globe_materialization\city_5090c3c6\tiles\tile_manifest.json",".\data\clients\black_dragon\globe_materialization\city_5090c3c6\nodes\node_manifest.json",".\data\clients\black_dragon\globe_materialization\city_5090c3c6\dossiers\dossier_manifest.json",".\data\clients\black_dragon\globe_materialization\city_5090c3c6\adjacency\adjacency_manifest.json",".\data\clients\black_dragon\globe_materialization\city_5090c3c6\replay\replay_manifest.json","initialized"
"city_b7aea338","Chattanooga, TN",".\data\clients\black_dragon\globe_materialization\city_b7aea338\tiles\tile_manifest.json",".\data\clients\black_dragon\globe_materialization\city_b7aea338\nodes\node_manifest.json",".\data\clients\black_dragon\globe_materialization\city_b7aea338\dossiers\dossier_manifest.json",".\data\clients\black_dragon\globe_materialization\city_b7aea338\adjacency\adjacency_manifest.json",".\data\clients\black_dragon\globe_materialization\city_b7aea338\replay\replay_manifest.json","initialized"
"city_4c180874","Chicago, IL",".\data\clients\black_dragon\globe_materialization\city_4c180874\tiles\tile_manifest.json",".\data\clients\black_dragon\globe_materialization\city_4c180874\nodes\node_manifest.json",".\data\clients\black_dragon\globe_materialization\city_4c180874\dossiers\dossier_manifest.json",".\data\clients\black_dragon\globe_materialization\city_4c180874\adjacency\adjacency_manifest.json",".\data\clients\black_dragon\globe_materialization\city_4c180874\replay\replay_manifest.json","initialized"
"city_1e856280","Cincinnati, OH",".\data\clients\black_dragon\globe_materialization\city_1e856280\tiles\tile_manifest.json",".\data\clients\black_dragon\globe_materialization\city_1e856280\nodes\node_manifest.json",".\data\clients\black_dragon\globe_materialization\city_1e856280\dossiers\dossier_manifest.json",".\data\clients\black_dragon\globe_materialization\city_1e856280\adjacency\adjacency_manifest.json",".\data\clients\black_dragon\globe_materialization\city_1e856280\replay\replay_manifest.json","initialized"
"city_5cbb095a","Clarksville, TN",".\data\clients\black_dragon\globe_materialization\city_5cbb095a\tiles\tile_manifest.json",".\data\clients\black_dragon\globe_materialization\city_5cbb095a\nodes\node_manifest.json",".\data\clients\black_dragon\globe_materialization\city_5cbb095a\dossiers\dossier_manifest.json",".\data\clients\black_dragon\globe_materialization\city_5cbb095a\adjacency\adjacency_manifest.json",".\data\clients\black_dragon\globe_materialization\city_5cbb095a\replay\replay_manifest.json","initialized"
"city_350fa856","Cleveland, OH",".\data\clients\black_dragon\globe_materialization\city_350fa856\tiles\tile_manifest.json",".\data\clients\black_dragon\globe_materialization\city_350fa856\nodes\node_manifest.json",".\data\clients\black_dragon\globe_materialization\city_350fa856\dossiers\dossier_manifest.json",".\data\clients\black_dragon\globe_materialization\city_350fa856\adjacency\adjacency_manifest.json",".\data\clients\black_dragon\globe_materialization\city_350fa856\replay\replay_manifest.json","initialized"
"city_328b326a","Colorado Springs, CO",".\data\clients\black_dragon\globe_materialization\city_328b326a\tiles\tile_manifest.json",".\data\clients\black_dragon\globe_materialization\city_328b326a\nodes\node_manifest.json",".\data\clients\black_dragon\globe_materialization\city_328b326a\dossiers\dossier_manifest.json",".\data\clients\black_dragon\globe_materialization\city_328b326a\adjacency\adjacency_manifest.json",".\data\clients\black_dragon\globe_materialization\city_328b326a\replay\replay_manifest.json","initialized"
"city_878f11ab","Columbia, MO",".\data\clients\black_dragon\globe_materialization\city_878f11ab\tiles\tile_manifest.json",".\data\clients\black_dragon\globe_materialization\city_878f11ab\nodes\node_manifest.json",".\data\clients\black_dragon\globe_materialization\city_878f11ab\dossiers\dossier_manifest.json",".\data\clients\black_dragon\globe_materialization\city_878f11ab\adjacency\adjacency_manifest.json",".\data\clients\black_dragon\globe_materialization\city_878f11ab\replay\replay_manifest.json","initialized"
"city_85e83faa","Columbus, OH",".\data\clients\black_dragon\globe_materialization\city_85e83faa\tiles\tile_manifest.json",".\data\clients\black_dragon\globe_materialization\city_85e83faa\nodes\node_manifest.json",".\data\clients\black_dragon\globe_materialization\city_85e83faa\dossiers\dossier_manifest.json",".\data\clients\black_dragon\globe_materialization\city_85e83faa\adjacency\adjacency_manifest.json",".\data\clients\black_dragon\globe_materialization\city_85e83faa\replay\replay_manifest.json","initialized"
"city_f8eaf382","Covington, KY",".\data\clients\black_dragon\globe_materialization\city_f8eaf382\tiles\tile_manifest.json",".\data\clients\black_dragon\globe_materialization\city_f8eaf382\nodes\node_manifest.json",".\data\clients\black_dragon\globe_materialization\city_f8eaf382\dossiers\dossier_manifest.json",".\data\clients\black_dragon\globe_materialization\city_f8eaf382\adjacency\adjacency_manifest.json",".\data\clients\black_dragon\globe_materialization\city_f8eaf382\replay\replay_manifest.json","initialized"
"city_5abab5f6","Dallas, TX",".\data\clients\black_dragon\globe_materialization\city_5abab5f6\tiles\tile_manifest.json",".\data\clients\black_dragon\globe_materialization\city_5abab5f6\nodes\node_manifest.json",".\data\clients\black_dragon\globe_materialization\city_5abab5f6\dossiers\dossier_manifest.json",".\data\clients\black_dragon\globe_materialization\city_5abab5f6\adjacency\adjacency_manifest.json",".\data\clients\black_dragon\globe_materialization\city_5abab5f6\replay\replay_manifest.json","initialized"
"city_39d61699","Denver, CO",".\data\clients\black_dragon\globe_materialization\city_39d61699\tiles\tile_manifest.json",".\data\clients\black_dragon\globe_materialization\city_39d61699\nodes\node_manifest.json",".\data\clients\black_dragon\globe_materialization\city_39d61699\dossiers\dossier_manifest.json",".\data\clients\black_dragon\globe_materialization\city_39d61699\adjacency\adjacency_manifest.json",".\data\clients\black_dragon\globe_materialization\city_39d61699\replay\replay_manifest.json","initialized"
"city_6536761e","Detroit, MI",".\data\clients\black_dragon\globe_materialization\city_6536761e\tiles\tile_manifest.json",".\data\clients\black_dragon\globe_materialization\city_6536761e\nodes\node_manifest.json",".\data\clients\black_dragon\globe_materialization\city_6536761e\dossiers\dossier_manifest.json",".\data\clients\black_dragon\globe_materialization\city_6536761e\adjacency\adjacency_manifest.json",".\data\clients\black_dragon\globe_materialization\city_6536761e\replay\replay_manifest.json","initialized"
"city_0b8ff86c","Duluth, MN",".\data\clients\black_dragon\globe_materialization\city_0b8ff86c\tiles\tile_manifest.json",".\data\clients\black_dragon\globe_materialization\city_0b8ff86c\nodes\node_manifest.json",".\data\clients\black_dragon\globe_materialization\city_0b8ff86c\dossiers\dossier_manifest.json",".\data\clients\black_dragon\globe_materialization\city_0b8ff86c\adjacency\adjacency_manifest.json",".\data\clients\black_dragon\globe_materialization\city_0b8ff86c\replay\replay_manifest.json","initialized"
"city_78ccf400","Durham, NC",".\data\clients\black_dragon\globe_materialization\city_78ccf400\tiles\tile_manifest.json",".\data\clients\black_dragon\globe_materialization\city_78ccf400\nodes\node_manifest.json",".\data\clients\black_dragon\globe_materialization\city_78ccf400\dossiers\dossier_manifest.json",".\data\clients\black_dragon\globe_materialization\city_78ccf400\adjacency\adjacency_manifest.json",".\data\clients\black_dragon\globe_materialization\city_78ccf400\replay\replay_manifest.json","initialized"
"city_0c5b904d","Edmond, OK",".\data\clients\black_dragon\globe_materialization\city_0c5b904d\tiles\tile_manifest.json",".\data\clients\black_dragon\globe_materialization\city_0c5b904d\nodes\node_manifest.json",".\data\clients\black_dragon\globe_materialization\city_0c5b904d\dossiers\dossier_manifest.json",".\data\clients\black_dragon\globe_materialization\city_0c5b904d\adjacency\adjacency_manifest.json",".\data\clients\black_dragon\globe_materialization\city_0c5b904d\replay\replay_manifest.json","initialized"
"city_990961e3","El Paso, TX",".\data\clients\black_dragon\globe_materialization\city_990961e3\tiles\tile_manifest.json",".\data\clients\black_dragon\globe_materialization\city_990961e3\nodes\node_manifest.json",".\data\clients\black_dragon\globe_materialization\city_990961e3\dossiers\dossier_manifest.json",".\data\clients\black_dragon\globe_materialization\city_990961e3\adjacency\adjacency_manifest.json",".\data\clients\black_dragon\globe_materialization\city_990961e3\replay\replay_manifest.json","initialized"
"city_46ea53ac","Erie, PA",".\data\clients\black_dragon\globe_materialization\city_46ea53ac\tiles\tile_manifest.json",".\data\clients\black_dragon\globe_materialization\city_46ea53ac\nodes\node_manifest.json",".\data\clients\black_dragon\globe_materialization\city_46ea53ac\dossiers\dossier_manifest.json",".\data\clients\black_dragon\globe_materialization\city_46ea53ac\adjacency\adjacency_manifest.json",".\data\clients\black_dragon\globe_materialization\city_46ea53ac\replay\replay_manifest.json","initialized"
"city_eedb043f","Eugene, OR",".\data\clients\black_dragon\globe_materialization\city_eedb043f\tiles\tile_manifest.json",".\data\clients\black_dragon\globe_materialization\city_eedb043f\nodes\node_manifest.json",".\data\clients\black_dragon\globe_materialization\city_eedb043f\dossiers\dossier_manifest.json",".\data\clients\black_dragon\globe_materialization\city_eedb043f\adjacency\adjacency_manifest.json",".\data\clients\black_dragon\globe_materialization\city_eedb043f\replay\replay_manifest.json","initialized"
"city_9ba60036","Flint, MI",".\data\clients\black_dragon\globe_materialization\city_9ba60036\tiles\tile_manifest.json",".\data\clients\black_dragon\globe_materialization\city_9ba60036\nodes\node_manifest.json",".\data\clients\black_dragon\globe_materialization\city_9ba60036\dossiers\dossier_manifest.json",".\data\clients\black_dragon\globe_materialization\city_9ba60036\adjacency\adjacency_manifest.json",".\data\clients\black_dragon\globe_materialization\city_9ba60036\replay\replay_manifest.json","initialized"
"city_254d227a","Fort Collins, CO",".\data\clients\black_dragon\globe_materialization\city_254d227a\tiles\tile_manifest.json",".\data\clients\black_dragon\globe_materialization\city_254d227a\nodes\node_manifest.json",".\data\clients\black_dragon\globe_materialization\city_254d227a\dossiers\dossier_manifest.json",".\data\clients\black_dragon\globe_materialization\city_254d227a\adjacency\adjacency_manifest.json",".\data\clients\black_dragon\globe_materialization\city_254d227a\replay\replay_manifest.json","initialized"
"city_47b59fac","Fort Worth, TX",".\data\clients\black_dragon\globe_materialization\city_47b59fac\tiles\tile_manifest.json",".\data\clients\black_dragon\globe_materialization\city_47b59fac\nodes\node_manifest.json",".\data\clients\black_dragon\globe_materialization\city_47b59fac\dossiers\dossier_manifest.json",".\data\clients\black_dragon\globe_materialization\city_47b59fac\adjacency\adjacency_manifest.json",".\data\clients\black_dragon\globe_materialization\city_47b59fac\replay\replay_manifest.json","initialized"
"city_c94decbe","Fresno, CA",".\data\clients\black_dragon\globe_materialization\city_c94decbe\tiles\tile_manifest.json",".\data\clients\black_dragon\globe_materialization\city_c94decbe\nodes\node_manifest.json",".\data\clients\black_dragon\globe_materialization\city_c94decbe\dossiers\dossier_manifest.json",".\data\clients\black_dragon\globe_materialization\city_c94decbe\adjacency\adjacency_manifest.json",".\data\clients\black_dragon\globe_materialization\city_c94decbe\replay\replay_manifest.json","initialized"
"city_5c4c1c64","Grand Rapids, MI",".\data\clients\black_dragon\globe_materialization\city_5c4c1c64\tiles\tile_manifest.json",".\data\clients\black_dragon\globe_materialization\city_5c4c1c64\nodes\node_manifest.json",".\data\clients\black_dragon\globe_materialization\city_5c4c1c64\dossiers\dossier_manifest.json",".\data\clients\black_dragon\globe_materialization\city_5c4c1c64\adjacency\adjacency_manifest.json",".\data\clients\black_dragon\globe_materialization\city_5c4c1c64\replay\replay_manifest.json","initialized"
"city_0e003b8d","Greensboro, NC",".\data\clients\black_dragon\globe_materialization\city_0e003b8d\tiles\tile_manifest.json",".\data\clients\black_dragon\globe_materialization\city_0e003b8d\nodes\node_manifest.json",".\data\clients\black_dragon\globe_materialization\city_0e003b8d\dossiers\dossier_manifest.json",".\data\clients\black_dragon\globe_materialization\city_0e003b8d\adjacency\adjacency_manifest.json",".\data\clients\black_dragon\globe_materialization\city_0e003b8d\replay\replay_manifest.json","initialized"
"city_400670ba","Gresham, OR",".\data\clients\black_dragon\globe_materialization\city_400670ba\tiles\tile_manifest.json",".\data\clients\black_dragon\globe_materialization\city_400670ba\nodes\node_manifest.json",".\data\clients\black_dragon\globe_materialization\city_400670ba\dossiers\dossier_manifest.json",".\data\clients\black_dragon\globe_materialization\city_400670ba\adjacency\adjacency_manifest.json",".\data\clients\black_dragon\globe_materialization\city_400670ba\replay\replay_manifest.json","initialized"
"city_fc1b220f","Henderson, NV",".\data\clients\black_dragon\globe_materialization\city_fc1b220f\tiles\tile_manifest.json",".\data\clients\black_dragon\globe_materialization\city_fc1b220f\nodes\node_manifest.json",".\data\clients\black_dragon\globe_materialization\city_fc1b220f\dossiers\dossier_manifest.json",".\data\clients\black_dragon\globe_materialization\city_fc1b220f\adjacency\adjacency_manifest.json",".\data\clients\black_dragon\globe_materialization\city_fc1b220f\replay\replay_manifest.json","initialized"
"city_bf66ad64","Hillsboro, OR",".\data\clients\black_dragon\globe_materialization\city_bf66ad64\tiles\tile_manifest.json",".\data\clients\black_dragon\globe_materialization\city_bf66ad64\nodes\node_manifest.json",".\data\clients\black_dragon\globe_materialization\city_bf66ad64\dossiers\dossier_manifest.json",".\data\clients\black_dragon\globe_materialization\city_bf66ad64\adjacency\adjacency_manifest.json",".\data\clients\black_dragon\globe_materialization\city_bf66ad64\replay\replay_manifest.json","initialized"
"city_0a922e63","Houston, TX",".\data\clients\black_dragon\globe_materialization\city_0a922e63\tiles\tile_manifest.json",".\data\clients\black_dragon\globe_materialization\city_0a922e63\nodes\node_manifest.json",".\data\clients\black_dragon\globe_materialization\city_0a922e63\dossiers\dossier_manifest.json",".\data\clients\black_dragon\globe_materialization\city_0a922e63\adjacency\adjacency_manifest.json",".\data\clients\black_dragon\globe_materialization\city_0a922e63\replay\replay_manifest.json","initialized"
"city_3fbbe606","Idaho Falls, ID",".\data\clients\black_dragon\globe_materialization\city_3fbbe606\tiles\tile_manifest.json",".\data\clients\black_dragon\globe_materialization\city_3fbbe606\nodes\node_manifest.json",".\data\clients\black_dragon\globe_materialization\city_3fbbe606\dossiers\dossier_manifest.json",".\data\clients\black_dragon\globe_materialization\city_3fbbe606\adjacency\adjacency_manifest.json",".\data\clients\black_dragon\globe_materialization\city_3fbbe606\replay\replay_manifest.json","initialized"
"city_16a23f41","Independence, MO",".\data\clients\black_dragon\globe_materialization\city_16a23f41\tiles\tile_manifest.json",".\data\clients\black_dragon\globe_materialization\city_16a23f41\nodes\node_manifest.json",".\data\clients\black_dragon\globe_materialization\city_16a23f41\dossiers\dossier_manifest.json",".\data\clients\black_dragon\globe_materialization\city_16a23f41\adjacency\adjacency_manifest.json",".\data\clients\black_dragon\globe_materialization\city_16a23f41\replay\replay_manifest.json","initialized"
"city_1ae44e4f","Indianapolis, IN",".\data\clients\black_dragon\globe_materialization\city_1ae44e4f\tiles\tile_manifest.json",".\data\clients\black_dragon\globe_materialization\city_1ae44e4f\nodes\node_manifest.json",".\data\clients\black_dragon\globe_materialization\city_1ae44e4f\dossiers\dossier_manifest.json",".\data\clients\black_dragon\globe_materialization\city_1ae44e4f\adjacency\adjacency_manifest.json",".\data\clients\black_dragon\globe_materialization\city_1ae44e4f\replay\replay_manifest.json","initialized"
"city_7e936870","Jacksonville, FL",".\data\clients\black_dragon\globe_materialization\city_7e936870\tiles\tile_manifest.json",".\data\clients\black_dragon\globe_materialization\city_7e936870\nodes\node_manifest.json",".\data\clients\black_dragon\globe_materialization\city_7e936870\dossiers\dossier_manifest.json",".\data\clients\black_dragon\globe_materialization\city_7e936870\adjacency\adjacency_manifest.json",".\data\clients\black_dragon\globe_materialization\city_7e936870\replay\replay_manifest.json","initialized"
"city_828fab47","Kansas City, MO",".\data\clients\black_dragon\globe_materialization\city_828fab47\tiles\tile_manifest.json",".\data\clients\black_dragon\globe_materialization\city_828fab47\nodes\node_manifest.json",".\data\clients\black_dragon\globe_materialization\city_828fab47\dossiers\dossier_manifest.json",".\data\clients\black_dragon\globe_materialization\city_828fab47\adjacency\adjacency_manifest.json",".\data\clients\black_dragon\globe_materialization\city_828fab47\replay\replay_manifest.json","initialized"
"city_20eb3715","Knoxville, TN",".\data\clients\black_dragon\globe_materialization\city_20eb3715\tiles\tile_manifest.json",".\data\clients\black_dragon\globe_materialization\city_20eb3715\nodes\node_manifest.json",".\data\clients\black_dragon\globe_materialization\city_20eb3715\dossiers\dossier_manifest.json",".\data\clients\black_dragon\globe_materialization\city_20eb3715\adjacency\adjacency_manifest.json",".\data\clients\black_dragon\globe_materialization\city_20eb3715\replay\replay_manifest.json","initialized"
"city_1138b2d4","Lakewood, CO",".\data\clients\black_dragon\globe_materialization\city_1138b2d4\tiles\tile_manifest.json",".\data\clients\black_dragon\globe_materialization\city_1138b2d4\nodes\node_manifest.json",".\data\clients\black_dragon\globe_materialization\city_1138b2d4\dossiers\dossier_manifest.json",".\data\clients\black_dragon\globe_materialization\city_1138b2d4\adjacency\adjacency_manifest.json",".\data\clients\black_dragon\globe_materialization\city_1138b2d4\replay\replay_manifest.json","initialized"
"city_b0cd67a6","Lansing, MI",".\data\clients\black_dragon\globe_materialization\city_b0cd67a6\tiles\tile_manifest.json",".\data\clients\black_dragon\globe_materialization\city_b0cd67a6\nodes\node_manifest.json",".\data\clients\black_dragon\globe_materialization\city_b0cd67a6\dossiers\dossier_manifest.json",".\data\clients\black_dragon\globe_materialization\city_b0cd67a6\adjacency\adjacency_manifest.json",".\data\clients\black_dragon\globe_materialization\city_b0cd67a6\replay\replay_manifest.json","initialized"
"city_fa4dd02c","Las Cruces, NM",".\data\clients\black_dragon\globe_materialization\city_fa4dd02c\tiles\tile_manifest.json",".\data\clients\black_dragon\globe_materialization\city_fa4dd02c\nodes\node_manifest.json",".\data\clients\black_dragon\globe_materialization\city_fa4dd02c\dossiers\dossier_manifest.json",".\data\clients\black_dragon\globe_materialization\city_fa4dd02c\adjacency\adjacency_manifest.json",".\data\clients\black_dragon\globe_materialization\city_fa4dd02c\replay\replay_manifest.json","initialized"
"city_f03b8f57","Las Vegas, NV",".\data\clients\black_dragon\globe_materialization\city_f03b8f57\tiles\tile_manifest.json",".\data\clients\black_dragon\globe_materialization\city_f03b8f57\nodes\node_manifest.json",".\data\clients\black_dragon\globe_materialization\city_f03b8f57\dossiers\dossier_manifest.json",".\data\clients\black_dragon\globe_materialization\city_f03b8f57\adjacency\adjacency_manifest.json",".\data\clients\black_dragon\globe_materialization\city_f03b8f57\replay\replay_manifest.json","initialized"
"city_6509ecc5","Lexington, KY",".\data\clients\black_dragon\globe_materialization\city_6509ecc5\tiles\tile_manifest.json",".\data\clients\black_dragon\globe_materialization\city_6509ecc5\nodes\node_manifest.json",".\data\clients\black_dragon\globe_materialization\city_6509ecc5\dossiers\dossier_manifest.json",".\data\clients\black_dragon\globe_materialization\city_6509ecc5\adjacency\adjacency_manifest.json",".\data\clients\black_dragon\globe_materialization\city_6509ecc5\replay\replay_manifest.json","initialized"
"city_0a31d438","Long Beach, CA",".\data\clients\black_dragon\globe_materialization\city_0a31d438\tiles\tile_manifest.json",".\data\clients\black_dragon\globe_materialization\city_0a31d438\nodes\node_manifest.json",".\data\clients\black_dragon\globe_materialization\city_0a31d438\dossiers\dossier_manifest.json",".\data\clients\black_dragon\globe_materialization\city_0a31d438\adjacency\adjacency_manifest.json",".\data\clients\black_dragon\globe_materialization\city_0a31d438\replay\replay_manifest.json","initialized"
"city_1f98af58","Los Angeles, CA",".\data\clients\black_dragon\globe_materialization\city_1f98af58\tiles\tile_manifest.json",".\data\clients\black_dragon\globe_materialization\city_1f98af58\nodes\node_manifest.json",".\data\clients\black_dragon\globe_materialization\city_1f98af58\dossiers\dossier_manifest.json",".\data\clients\black_dragon\globe_materialization\city_1f98af58\adjacency\adjacency_manifest.json",".\data\clients\black_dragon\globe_materialization\city_1f98af58\replay\replay_manifest.json","initialized"
"city_8e6f63cf","Louisville, KY",".\data\clients\black_dragon\globe_materialization\city_8e6f63cf\tiles\tile_manifest.json",".\data\clients\black_dragon\globe_materialization\city_8e6f63cf\nodes\node_manifest.json",".\data\clients\black_dragon\globe_materialization\city_8e6f63cf\dossiers\dossier_manifest.json",".\data\clients\black_dragon\globe_materialization\city_8e6f63cf\adjacency\adjacency_manifest.json",".\data\clients\black_dragon\globe_materialization\city_8e6f63cf\replay\replay_manifest.json","initialized"
"city_c79509a4","Memphis, TN",".\data\clients\black_dragon\globe_materialization\city_c79509a4\tiles\tile_manifest.json",".\data\clients\black_dragon\globe_materialization\city_c79509a4\nodes\node_manifest.json",".\data\clients\black_dragon\globe_materialization\city_c79509a4\dossiers\dossier_manifest.json",".\data\clients\black_dragon\globe_materialization\city_c79509a4\adjacency\adjacency_manifest.json",".\data\clients\black_dragon\globe_materialization\city_c79509a4\replay\replay_manifest.json","initialized"
"city_72c8b2f9","Meridian, ID",".\data\clients\black_dragon\globe_materialization\city_72c8b2f9\tiles\tile_manifest.json",".\data\clients\black_dragon\globe_materialization\city_72c8b2f9\nodes\node_manifest.json",".\data\clients\black_dragon\globe_materialization\city_72c8b2f9\dossiers\dossier_manifest.json",".\data\clients\black_dragon\globe_materialization\city_72c8b2f9\adjacency\adjacency_manifest.json",".\data\clients\black_dragon\globe_materialization\city_72c8b2f9\replay\replay_manifest.json","initialized"
"city_7d043dae","Mesa, AZ",".\data\clients\black_dragon\globe_materialization\city_7d043dae\tiles\tile_manifest.json",".\data\clients\black_dragon\globe_materialization\city_7d043dae\nodes\node_manifest.json",".\data\clients\black_dragon\globe_materialization\city_7d043dae\dossiers\dossier_manifest.json",".\data\clients\black_dragon\globe_materialization\city_7d043dae\adjacency\adjacency_manifest.json",".\data\clients\black_dragon\globe_materialization\city_7d043dae\replay\replay_manifest.json","initialized"
"city_53389926","Miami, FL",".\data\clients\black_dragon\globe_materialization\city_53389926\tiles\tile_manifest.json",".\data\clients\black_dragon\globe_materialization\city_53389926\nodes\node_manifest.json",".\data\clients\black_dragon\globe_materialization\city_53389926\dossiers\dossier_manifest.json",".\data\clients\black_dragon\globe_materialization\city_53389926\adjacency\adjacency_manifest.json",".\data\clients\black_dragon\globe_materialization\city_53389926\replay\replay_manifest.json","initialized"
"city_3fad7905","Milwaukee, WI",".\data\clients\black_dragon\globe_materialization\city_3fad7905\tiles\tile_manifest.json",".\data\clients\black_dragon\globe_materialization\city_3fad7905\nodes\node_manifest.json",".\data\clients\black_dragon\globe_materialization\city_3fad7905\dossiers\dossier_manifest.json",".\data\clients\black_dragon\globe_materialization\city_3fad7905\adjacency\adjacency_manifest.json",".\data\clients\black_dragon\globe_materialization\city_3fad7905\replay\replay_manifest.json","initialized"
"city_1fd1b37f","Minneapolis, MN",".\data\clients\black_dragon\globe_materialization\city_1fd1b37f\tiles\tile_manifest.json",".\data\clients\black_dragon\globe_materialization\city_1fd1b37f\nodes\node_manifest.json",".\data\clients\black_dragon\globe_materialization\city_1fd1b37f\dossiers\dossier_manifest.json",".\data\clients\black_dragon\globe_materialization\city_1fd1b37f\adjacency\adjacency_manifest.json",".\data\clients\black_dragon\globe_materialization\city_1fd1b37f\replay\replay_manifest.json","initialized"
"city_70af1d0e","Nampa, ID",".\data\clients\black_dragon\globe_materialization\city_70af1d0e\tiles\tile_manifest.json",".\data\clients\black_dragon\globe_materialization\city_70af1d0e\nodes\node_manifest.json",".\data\clients\black_dragon\globe_materialization\city_70af1d0e\dossiers\dossier_manifest.json",".\data\clients\black_dragon\globe_materialization\city_70af1d0e\adjacency\adjacency_manifest.json",".\data\clients\black_dragon\globe_materialization\city_70af1d0e\replay\replay_manifest.json","initialized"
"city_154a8fe9","Nashville, TN",".\data\clients\black_dragon\globe_materialization\city_154a8fe9\tiles\tile_manifest.json",".\data\clients\black_dragon\globe_materialization\city_154a8fe9\nodes\node_manifest.json",".\data\clients\black_dragon\globe_materialization\city_154a8fe9\dossiers\dossier_manifest.json",".\data\clients\black_dragon\globe_materialization\city_154a8fe9\adjacency\adjacency_manifest.json",".\data\clients\black_dragon\globe_materialization\city_154a8fe9\replay\replay_manifest.json","initialized"
"city_b5ad2562","New Orleans, LA",".\data\clients\black_dragon\globe_materialization\city_b5ad2562\tiles\tile_manifest.json",".\data\clients\black_dragon\globe_materialization\city_b5ad2562\nodes\node_manifest.json",".\data\clients\black_dragon\globe_materialization\city_b5ad2562\dossiers\dossier_manifest.json",".\data\clients\black_dragon\globe_materialization\city_b5ad2562\adjacency\adjacency_manifest.json",".\data\clients\black_dragon\globe_materialization\city_b5ad2562\replay\replay_manifest.json","initialized"
"city_3d50f2fd","New York, NY",".\data\clients\black_dragon\globe_materialization\city_3d50f2fd\tiles\tile_manifest.json",".\data\clients\black_dragon\globe_materialization\city_3d50f2fd\nodes\node_manifest.json",".\data\clients\black_dragon\globe_materialization\city_3d50f2fd\dossiers\dossier_manifest.json",".\data\clients\black_dragon\globe_materialization\city_3d50f2fd\adjacency\adjacency_manifest.json",".\data\clients\black_dragon\globe_materialization\city_3d50f2fd\replay\replay_manifest.json","initialized"
"city_9e7d2fb8","Norman, OK",".\data\clients\black_dragon\globe_materialization\city_9e7d2fb8\tiles\tile_manifest.json",".\data\clients\black_dragon\globe_materialization\city_9e7d2fb8\nodes\node_manifest.json",".\data\clients\black_dragon\globe_materialization\city_9e7d2fb8\dossiers\dossier_manifest.json",".\data\clients\black_dragon\globe_materialization\city_9e7d2fb8\adjacency\adjacency_manifest.json",".\data\clients\black_dragon\globe_materialization\city_9e7d2fb8\replay\replay_manifest.json","initialized"
"city_7662680f","North Las Vegas, NV",".\data\clients\black_dragon\globe_materialization\city_7662680f\tiles\tile_manifest.json",".\data\clients\black_dragon\globe_materialization\city_7662680f\nodes\node_manifest.json",".\data\clients\black_dragon\globe_materialization\city_7662680f\dossiers\dossier_manifest.json",".\data\clients\black_dragon\globe_materialization\city_7662680f\adjacency\adjacency_manifest.json",".\data\clients\black_dragon\globe_materialization\city_7662680f\replay\replay_manifest.json","initialized"
"city_8f664c09","Oakland, CA",".\data\clients\black_dragon\globe_materialization\city_8f664c09\tiles\tile_manifest.json",".\data\clients\black_dragon\globe_materialization\city_8f664c09\nodes\node_manifest.json",".\data\clients\black_dragon\globe_materialization\city_8f664c09\dossiers\dossier_manifest.json",".\data\clients\black_dragon\globe_materialization\city_8f664c09\adjacency\adjacency_manifest.json",".\data\clients\black_dragon\globe_materialization\city_8f664c09\replay\replay_manifest.json","initialized"
"city_a2cbee70","Oklahoma City, OK",".\data\clients\black_dragon\globe_materialization\city_a2cbee70\tiles\tile_manifest.json",".\data\clients\black_dragon\globe_materialization\city_a2cbee70\nodes\node_manifest.json",".\data\clients\black_dragon\globe_materialization\city_a2cbee70\dossiers\dossier_manifest.json",".\data\clients\black_dragon\globe_materialization\city_a2cbee70\adjacency\adjacency_manifest.json",".\data\clients\black_dragon\globe_materialization\city_a2cbee70\replay\replay_manifest.json","initialized"
"city_127606b4","Omaha, NE",".\data\clients\black_dragon\globe_materialization\city_127606b4\tiles\tile_manifest.json",".\data\clients\black_dragon\globe_materialization\city_127606b4\nodes\node_manifest.json",".\data\clients\black_dragon\globe_materialization\city_127606b4\dossiers\dossier_manifest.json",".\data\clients\black_dragon\globe_materialization\city_127606b4\adjacency\adjacency_manifest.json",".\data\clients\black_dragon\globe_materialization\city_127606b4\replay\replay_manifest.json","initialized"
"city_1e4fcd97","Orem, UT",".\data\clients\black_dragon\globe_materialization\city_1e4fcd97\tiles\tile_manifest.json",".\data\clients\black_dragon\globe_materialization\city_1e4fcd97\nodes\node_manifest.json",".\data\clients\black_dragon\globe_materialization\city_1e4fcd97\dossiers\dossier_manifest.json",".\data\clients\black_dragon\globe_materialization\city_1e4fcd97\adjacency\adjacency_manifest.json",".\data\clients\black_dragon\globe_materialization\city_1e4fcd97\replay\replay_manifest.json","initialized"
"city_18d738e7","Orlando, FL",".\data\clients\black_dragon\globe_materialization\city_18d738e7\tiles\tile_manifest.json",".\data\clients\black_dragon\globe_materialization\city_18d738e7\nodes\node_manifest.json",".\data\clients\black_dragon\globe_materialization\city_18d738e7\dossiers\dossier_manifest.json",".\data\clients\black_dragon\globe_materialization\city_18d738e7\adjacency\adjacency_manifest.json",".\data\clients\black_dragon\globe_materialization\city_18d738e7\replay\replay_manifest.json","initialized"
"city_17fcb829","Owensboro, KY",".\data\clients\black_dragon\globe_materialization\city_17fcb829\tiles\tile_manifest.json",".\data\clients\black_dragon\globe_materialization\city_17fcb829\nodes\node_manifest.json",".\data\clients\black_dragon\globe_materialization\city_17fcb829\dossiers\dossier_manifest.json",".\data\clients\black_dragon\globe_materialization\city_17fcb829\adjacency\adjacency_manifest.json",".\data\clients\black_dragon\globe_materialization\city_17fcb829\replay\replay_manifest.json","initialized"
"city_01f3a5ed","Philadelphia, PA",".\data\clients\black_dragon\globe_materialization\city_01f3a5ed\tiles\tile_manifest.json",".\data\clients\black_dragon\globe_materialization\city_01f3a5ed\nodes\node_manifest.json",".\data\clients\black_dragon\globe_materialization\city_01f3a5ed\dossiers\dossier_manifest.json",".\data\clients\black_dragon\globe_materialization\city_01f3a5ed\adjacency\adjacency_manifest.json",".\data\clients\black_dragon\globe_materialization\city_01f3a5ed\replay\replay_manifest.json","initialized"
"city_8635d5db","Phoenix, AZ",".\data\clients\black_dragon\globe_materialization\city_8635d5db\tiles\tile_manifest.json",".\data\clients\black_dragon\globe_materialization\city_8635d5db\nodes\node_manifest.json",".\data\clients\black_dragon\globe_materialization\city_8635d5db\dossiers\dossier_manifest.json",".\data\clients\black_dragon\globe_materialization\city_8635d5db\adjacency\adjacency_manifest.json",".\data\clients\black_dragon\globe_materialization\city_8635d5db\replay\replay_manifest.json","initialized"
"city_49bcf5c9","Pittsburgh, PA",".\data\clients\black_dragon\globe_materialization\city_49bcf5c9\tiles\tile_manifest.json",".\data\clients\black_dragon\globe_materialization\city_49bcf5c9\nodes\node_manifest.json",".\data\clients\black_dragon\globe_materialization\city_49bcf5c9\dossiers\dossier_manifest.json",".\data\clients\black_dragon\globe_materialization\city_49bcf5c9\adjacency\adjacency_manifest.json",".\data\clients\black_dragon\globe_materialization\city_49bcf5c9\replay\replay_manifest.json","initialized"
"city_4ada292b","Pocatello, ID",".\data\clients\black_dragon\globe_materialization\city_4ada292b\tiles\tile_manifest.json",".\data\clients\black_dragon\globe_materialization\city_4ada292b\nodes\node_manifest.json",".\data\clients\black_dragon\globe_materialization\city_4ada292b\dossiers\dossier_manifest.json",".\data\clients\black_dragon\globe_materialization\city_4ada292b\adjacency\adjacency_manifest.json",".\data\clients\black_dragon\globe_materialization\city_4ada292b\replay\replay_manifest.json","initialized"
"city_ab77b2a8","Portland, OR",".\data\clients\black_dragon\globe_materialization\city_ab77b2a8\tiles\tile_manifest.json",".\data\clients\black_dragon\globe_materialization\city_ab77b2a8\nodes\node_manifest.json",".\data\clients\black_dragon\globe_materialization\city_ab77b2a8\dossiers\dossier_manifest.json",".\data\clients\black_dragon\globe_materialization\city_ab77b2a8\adjacency\adjacency_manifest.json",".\data\clients\black_dragon\globe_materialization\city_ab77b2a8\replay\replay_manifest.json","initialized"
"city_b0c51a5d","Provo, UT",".\data\clients\black_dragon\globe_materialization\city_b0c51a5d\tiles\tile_manifest.json",".\data\clients\black_dragon\globe_materialization\city_b0c51a5d\nodes\node_manifest.json",".\data\clients\black_dragon\globe_materialization\city_b0c51a5d\dossiers\dossier_manifest.json",".\data\clients\black_dragon\globe_materialization\city_b0c51a5d\adjacency\adjacency_manifest.json",".\data\clients\black_dragon\globe_materialization\city_b0c51a5d\replay\replay_manifest.json","initialized"
"city_16f77904","Raleigh, NC",".\data\clients\black_dragon\globe_materialization\city_16f77904\tiles\tile_manifest.json",".\data\clients\black_dragon\globe_materialization\city_16f77904\nodes\node_manifest.json",".\data\clients\black_dragon\globe_materialization\city_16f77904\dossiers\dossier_manifest.json",".\data\clients\black_dragon\globe_materialization\city_16f77904\adjacency\adjacency_manifest.json",".\data\clients\black_dragon\globe_materialization\city_16f77904\replay\replay_manifest.json","initialized"
"city_b183167f","Reading, PA",".\data\clients\black_dragon\globe_materialization\city_b183167f\tiles\tile_manifest.json",".\data\clients\black_dragon\globe_materialization\city_b183167f\nodes\node_manifest.json",".\data\clients\black_dragon\globe_materialization\city_b183167f\dossiers\dossier_manifest.json",".\data\clients\black_dragon\globe_materialization\city_b183167f\adjacency\adjacency_manifest.json",".\data\clients\black_dragon\globe_materialization\city_b183167f\replay\replay_manifest.json","initialized"
"city_f48df4c8","Reno, NV",".\data\clients\black_dragon\globe_materialization\city_f48df4c8\tiles\tile_manifest.json",".\data\clients\black_dragon\globe_materialization\city_f48df4c8\nodes\node_manifest.json",".\data\clients\black_dragon\globe_materialization\city_f48df4c8\dossiers\dossier_manifest.json",".\data\clients\black_dragon\globe_materialization\city_f48df4c8\adjacency\adjacency_manifest.json",".\data\clients\black_dragon\globe_materialization\city_f48df4c8\replay\replay_manifest.json","initialized"
"city_5e423e03","Rio Rancho, NM",".\data\clients\black_dragon\globe_materialization\city_5e423e03\tiles\tile_manifest.json",".\data\clients\black_dragon\globe_materialization\city_5e423e03\nodes\node_manifest.json",".\data\clients\black_dragon\globe_materialization\city_5e423e03\dossiers\dossier_manifest.json",".\data\clients\black_dragon\globe_materialization\city_5e423e03\adjacency\adjacency_manifest.json",".\data\clients\black_dragon\globe_materialization\city_5e423e03\replay\replay_manifest.json","initialized"
"city_0d4f6d2f","Rochester, MN",".\data\clients\black_dragon\globe_materialization\city_0d4f6d2f\tiles\tile_manifest.json",".\data\clients\black_dragon\globe_materialization\city_0d4f6d2f\nodes\node_manifest.json",".\data\clients\black_dragon\globe_materialization\city_0d4f6d2f\dossiers\dossier_manifest.json",".\data\clients\black_dragon\globe_materialization\city_0d4f6d2f\adjacency\adjacency_manifest.json",".\data\clients\black_dragon\globe_materialization\city_0d4f6d2f\replay\replay_manifest.json","initialized"
"city_e1fe8704","Roswell, NM",".\data\clients\black_dragon\globe_materialization\city_e1fe8704\tiles\tile_manifest.json",".\data\clients\black_dragon\globe_materialization\city_e1fe8704\nodes\node_manifest.json",".\data\clients\black_dragon\globe_materialization\city_e1fe8704\dossiers\dossier_manifest.json",".\data\clients\black_dragon\globe_materialization\city_e1fe8704\adjacency\adjacency_manifest.json",".\data\clients\black_dragon\globe_materialization\city_e1fe8704\replay\replay_manifest.json","initialized"
"city_47748120","Sacramento, CA",".\data\clients\black_dragon\globe_materialization\city_47748120\tiles\tile_manifest.json",".\data\clients\black_dragon\globe_materialization\city_47748120\nodes\node_manifest.json",".\data\clients\black_dragon\globe_materialization\city_47748120\dossiers\dossier_manifest.json",".\data\clients\black_dragon\globe_materialization\city_47748120\adjacency\adjacency_manifest.json",".\data\clients\black_dragon\globe_materialization\city_47748120\replay\replay_manifest.json","initialized"
"city_b27a62e8","Salem, OR",".\data\clients\black_dragon\globe_materialization\city_b27a62e8\tiles\tile_manifest.json",".\data\clients\black_dragon\globe_materialization\city_b27a62e8\nodes\node_manifest.json",".\data\clients\black_dragon\globe_materialization\city_b27a62e8\dossiers\dossier_manifest.json",".\data\clients\black_dragon\globe_materialization\city_b27a62e8\adjacency\adjacency_manifest.json",".\data\clients\black_dragon\globe_materialization\city_b27a62e8\replay\replay_manifest.json","initialized"
"city_9b7d017c","Salt Lake City, UT",".\data\clients\black_dragon\globe_materialization\city_9b7d017c\tiles\tile_manifest.json",".\data\clients\black_dragon\globe_materialization\city_9b7d017c\nodes\node_manifest.json",".\data\clients\black_dragon\globe_materialization\city_9b7d017c\dossiers\dossier_manifest.json",".\data\clients\black_dragon\globe_materialization\city_9b7d017c\adjacency\adjacency_manifest.json",".\data\clients\black_dragon\globe_materialization\city_9b7d017c\replay\replay_manifest.json","initialized"
"city_c27d5d7f","San Antonio, TX",".\data\clients\black_dragon\globe_materialization\city_c27d5d7f\tiles\tile_manifest.json",".\data\clients\black_dragon\globe_materialization\city_c27d5d7f\nodes\node_manifest.json",".\data\clients\black_dragon\globe_materialization\city_c27d5d7f\dossiers\dossier_manifest.json",".\data\clients\black_dragon\globe_materialization\city_c27d5d7f\adjacency\adjacency_manifest.json",".\data\clients\black_dragon\globe_materialization\city_c27d5d7f\replay\replay_manifest.json","initialized"
"city_dd17b133","San Diego, CA",".\data\clients\black_dragon\globe_materialization\city_dd17b133\tiles\tile_manifest.json",".\data\clients\black_dragon\globe_materialization\city_dd17b133\nodes\node_manifest.json",".\data\clients\black_dragon\globe_materialization\city_dd17b133\dossiers\dossier_manifest.json",".\data\clients\black_dragon\globe_materialization\city_dd17b133\adjacency\adjacency_manifest.json",".\data\clients\black_dragon\globe_materialization\city_dd17b133\replay\replay_manifest.json","initialized"
"city_d2941d41","San Francisco, CA",".\data\clients\black_dragon\globe_materialization\city_d2941d41\tiles\tile_manifest.json",".\data\clients\black_dragon\globe_materialization\city_d2941d41\nodes\node_manifest.json",".\data\clients\black_dragon\globe_materialization\city_d2941d41\dossiers\dossier_manifest.json",".\data\clients\black_dragon\globe_materialization\city_d2941d41\adjacency\adjacency_manifest.json",".\data\clients\black_dragon\globe_materialization\city_d2941d41\replay\replay_manifest.json","initialized"
"city_759cd460","San Jose, CA",".\data\clients\black_dragon\globe_materialization\city_759cd460\tiles\tile_manifest.json",".\data\clients\black_dragon\globe_materialization\city_759cd460\nodes\node_manifest.json",".\data\clients\black_dragon\globe_materialization\city_759cd460\dossiers\dossier_manifest.json",".\data\clients\black_dragon\globe_materialization\city_759cd460\adjacency\adjacency_manifest.json",".\data\clients\black_dragon\globe_materialization\city_759cd460\replay\replay_manifest.json","initialized"
"city_60b147f2","Santa Fe, NM",".\data\clients\black_dragon\globe_materialization\city_60b147f2\tiles\tile_manifest.json",".\data\clients\black_dragon\globe_materialization\city_60b147f2\nodes\node_manifest.json",".\data\clients\black_dragon\globe_materialization\city_60b147f2\dossiers\dossier_manifest.json",".\data\clients\black_dragon\globe_materialization\city_60b147f2\adjacency\adjacency_manifest.json",".\data\clients\black_dragon\globe_materialization\city_60b147f2\replay\replay_manifest.json","initialized"
"city_c1a02fde","Scottsdale, AZ",".\data\clients\black_dragon\globe_materialization\city_c1a02fde\tiles\tile_manifest.json",".\data\clients\black_dragon\globe_materialization\city_c1a02fde\nodes\node_manifest.json",".\data\clients\black_dragon\globe_materialization\city_c1a02fde\dossiers\dossier_manifest.json",".\data\clients\black_dragon\globe_materialization\city_c1a02fde\adjacency\adjacency_manifest.json",".\data\clients\black_dragon\globe_materialization\city_c1a02fde\replay\replay_manifest.json","initialized"
"city_b7ea02a9","Seattle, WA",".\data\clients\black_dragon\globe_materialization\city_b7ea02a9\tiles\tile_manifest.json",".\data\clients\black_dragon\globe_materialization\city_b7ea02a9\nodes\node_manifest.json",".\data\clients\black_dragon\globe_materialization\city_b7ea02a9\dossiers\dossier_manifest.json",".\data\clients\black_dragon\globe_materialization\city_b7ea02a9\adjacency\adjacency_manifest.json",".\data\clients\black_dragon\globe_materialization\city_b7ea02a9\replay\replay_manifest.json","initialized"
"city_f7bb5b9c","Sparks, NV",".\data\clients\black_dragon\globe_materialization\city_f7bb5b9c\tiles\tile_manifest.json",".\data\clients\black_dragon\globe_materialization\city_f7bb5b9c\nodes\node_manifest.json",".\data\clients\black_dragon\globe_materialization\city_f7bb5b9c\dossiers\dossier_manifest.json",".\data\clients\black_dragon\globe_materialization\city_f7bb5b9c\adjacency\adjacency_manifest.json",".\data\clients\black_dragon\globe_materialization\city_f7bb5b9c\replay\replay_manifest.json","initialized"
"city_852df262","Spokane, WA",".\data\clients\black_dragon\globe_materialization\city_852df262\tiles\tile_manifest.json",".\data\clients\black_dragon\globe_materialization\city_852df262\nodes\node_manifest.json",".\data\clients\black_dragon\globe_materialization\city_852df262\dossiers\dossier_manifest.json",".\data\clients\black_dragon\globe_materialization\city_852df262\adjacency\adjacency_manifest.json",".\data\clients\black_dragon\globe_materialization\city_852df262\replay\replay_manifest.json","initialized"
"city_82649311","Springfield, MO",".\data\clients\black_dragon\globe_materialization\city_82649311\tiles\tile_manifest.json",".\data\clients\black_dragon\globe_materialization\city_82649311\nodes\node_manifest.json",".\data\clients\black_dragon\globe_materialization\city_82649311\dossiers\dossier_manifest.json",".\data\clients\black_dragon\globe_materialization\city_82649311\adjacency\adjacency_manifest.json",".\data\clients\black_dragon\globe_materialization\city_82649311\replay\replay_manifest.json","initialized"
"city_2a5ba728","St Louis, MO",".\data\clients\black_dragon\globe_materialization\city_2a5ba728\tiles\tile_manifest.json",".\data\clients\black_dragon\globe_materialization\city_2a5ba728\nodes\node_manifest.json",".\data\clients\black_dragon\globe_materialization\city_2a5ba728\dossiers\dossier_manifest.json",".\data\clients\black_dragon\globe_materialization\city_2a5ba728\adjacency\adjacency_manifest.json",".\data\clients\black_dragon\globe_materialization\city_2a5ba728\replay\replay_manifest.json","initialized"
"city_70207d8e","St Paul, MN",".\data\clients\black_dragon\globe_materialization\city_70207d8e\tiles\tile_manifest.json",".\data\clients\black_dragon\globe_materialization\city_70207d8e\nodes\node_manifest.json",".\data\clients\black_dragon\globe_materialization\city_70207d8e\dossiers\dossier_manifest.json",".\data\clients\black_dragon\globe_materialization\city_70207d8e\adjacency\adjacency_manifest.json",".\data\clients\black_dragon\globe_materialization\city_70207d8e\replay\replay_manifest.json","initialized"
"city_936f1437","St Petersburg, FL",".\data\clients\black_dragon\globe_materialization\city_936f1437\tiles\tile_manifest.json",".\data\clients\black_dragon\globe_materialization\city_936f1437\nodes\node_manifest.json",".\data\clients\black_dragon\globe_materialization\city_936f1437\dossiers\dossier_manifest.json",".\data\clients\black_dragon\globe_materialization\city_936f1437\adjacency\adjacency_manifest.json",".\data\clients\black_dragon\globe_materialization\city_936f1437\replay\replay_manifest.json","initialized"
"city_ef557a57","Tacoma, WA",".\data\clients\black_dragon\globe_materialization\city_ef557a57\tiles\tile_manifest.json",".\data\clients\black_dragon\globe_materialization\city_ef557a57\nodes\node_manifest.json",".\data\clients\black_dragon\globe_materialization\city_ef557a57\dossiers\dossier_manifest.json",".\data\clients\black_dragon\globe_materialization\city_ef557a57\adjacency\adjacency_manifest.json",".\data\clients\black_dragon\globe_materialization\city_ef557a57\replay\replay_manifest.json","initialized"
"city_af6fd06c","Tampa, FL",".\data\clients\black_dragon\globe_materialization\city_af6fd06c\tiles\tile_manifest.json",".\data\clients\black_dragon\globe_materialization\city_af6fd06c\nodes\node_manifest.json",".\data\clients\black_dragon\globe_materialization\city_af6fd06c\dossiers\dossier_manifest.json",".\data\clients\black_dragon\globe_materialization\city_af6fd06c\adjacency\adjacency_manifest.json",".\data\clients\black_dragon\globe_materialization\city_af6fd06c\replay\replay_manifest.json","initialized"
"city_4cbdb331","Toledo, OH",".\data\clients\black_dragon\globe_materialization\city_4cbdb331\tiles\tile_manifest.json",".\data\clients\black_dragon\globe_materialization\city_4cbdb331\nodes\node_manifest.json",".\data\clients\black_dragon\globe_materialization\city_4cbdb331\dossiers\dossier_manifest.json",".\data\clients\black_dragon\globe_materialization\city_4cbdb331\adjacency\adjacency_manifest.json",".\data\clients\black_dragon\globe_materialization\city_4cbdb331\replay\replay_manifest.json","initialized"
"city_b903b4d0","Tucson, AZ",".\data\clients\black_dragon\globe_materialization\city_b903b4d0\tiles\tile_manifest.json",".\data\clients\black_dragon\globe_materialization\city_b903b4d0\nodes\node_manifest.json",".\data\clients\black_dragon\globe_materialization\city_b903b4d0\dossiers\dossier_manifest.json",".\data\clients\black_dragon\globe_materialization\city_b903b4d0\adjacency\adjacency_manifest.json",".\data\clients\black_dragon\globe_materialization\city_b903b4d0\replay\replay_manifest.json","initialized"
"city_936b7d90","Tulsa, OK",".\data\clients\black_dragon\globe_materialization\city_936b7d90\tiles\tile_manifest.json",".\data\clients\black_dragon\globe_materialization\city_936b7d90\nodes\node_manifest.json",".\data\clients\black_dragon\globe_materialization\city_936b7d90\dossiers\dossier_manifest.json",".\data\clients\black_dragon\globe_materialization\city_936b7d90\adjacency\adjacency_manifest.json",".\data\clients\black_dragon\globe_materialization\city_936b7d90\replay\replay_manifest.json","initialized"
"city_82e75d40","Vancouver, WA",".\data\clients\black_dragon\globe_materialization\city_82e75d40\tiles\tile_manifest.json",".\data\clients\black_dragon\globe_materialization\city_82e75d40\nodes\node_manifest.json",".\data\clients\black_dragon\globe_materialization\city_82e75d40\dossiers\dossier_manifest.json",".\data\clients\black_dragon\globe_materialization\city_82e75d40\adjacency\adjacency_manifest.json",".\data\clients\black_dragon\globe_materialization\city_82e75d40\replay\replay_manifest.json","initialized"
"city_29cb8e76","Virginia Beach, VA",".\data\clients\black_dragon\globe_materialization\city_29cb8e76\tiles\tile_manifest.json",".\data\clients\black_dragon\globe_materialization\city_29cb8e76\nodes\node_manifest.json",".\data\clients\black_dragon\globe_materialization\city_29cb8e76\dossiers\dossier_manifest.json",".\data\clients\black_dragon\globe_materialization\city_29cb8e76\adjacency\adjacency_manifest.json",".\data\clients\black_dragon\globe_materialization\city_29cb8e76\replay\replay_manifest.json","initialized"
"city_5fedc010","Washington, DC",".\data\clients\black_dragon\globe_materialization\city_5fedc010\tiles\tile_manifest.json",".\data\clients\black_dragon\globe_materialization\city_5fedc010\nodes\node_manifest.json",".\data\clients\black_dragon\globe_materialization\city_5fedc010\dossiers\dossier_manifest.json",".\data\clients\black_dragon\globe_materialization\city_5fedc010\adjacency\adjacency_manifest.json",".\data\clients\black_dragon\globe_materialization\city_5fedc010\replay\replay_manifest.json","initialized"
"city_c084361b","West Jordan, UT",".\data\clients\black_dragon\globe_materialization\city_c084361b\tiles\tile_manifest.json",".\data\clients\black_dragon\globe_materialization\city_c084361b\nodes\node_manifest.json",".\data\clients\black_dragon\globe_materialization\city_c084361b\dossiers\dossier_manifest.json",".\data\clients\black_dragon\globe_materialization\city_c084361b\adjacency\adjacency_manifest.json",".\data\clients\black_dragon\globe_materialization\city_c084361b\replay\replay_manifest.json","initialized"
"city_b6773437","West Valley City, UT",".\data\clients\black_dragon\globe_materialization\city_b6773437\tiles\tile_manifest.json",".\data\clients\black_dragon\globe_materialization\city_b6773437\nodes\node_manifest.json",".\data\clients\black_dragon\globe_materialization\city_b6773437\dossiers\dossier_manifest.json",".\data\clients\black_dragon\globe_materialization\city_b6773437\adjacency\adjacency_manifest.json",".\data\clients\black_dragon\globe_materialization\city_b6773437\replay\replay_manifest.json","initialized"
"city_763449ef","Winston-Salem, NC",".\data\clients\black_dragon\globe_materialization\city_763449ef\tiles\tile_manifest.json",".\data\clients\black_dragon\globe_materialization\city_763449ef\nodes\node_manifest.json",".\data\clients\black_dragon\globe_materialization\city_763449ef\dossiers\dossier_manifest.json",".\data\clients\black_dragon\globe_materialization\city_763449ef\adjacency\adjacency_manifest.json",".\data\clients\black_dragon\globe_materialization\city_763449ef\replay\replay_manifest.json","initialized"
