"saturation_city","canonical_name","city_id","matched","verified_layers","saturation_percent","lock_status"
"Akron","Akron, OH","city_66635fc3","True","14","100","locked"
"Albuquerque","Albuquerque, NM","city_756cb4ea","True","14","100","locked"
"Allentown","Allentown, PA","city_3c08e197","True","14","100","locked"
"Ann Arbor","Ann Arbor, MI","city_fd630896","True","14","100","locked"
"Arlington","Arlington, TX","city_6cabf985","True","14","100","locked"
"Atlanta","Atlanta, GA","city_7eb25064","True","14","100","locked"
"Aurora","Aurora, CO","city_e9054367","True","14","100","locked"
"Austin","Austin, TX","city_a324d561","True","14","100","locked"
"Baltimore","Baltimore, MD","city_a7350aab","True","14","100","locked"
"Bellevue","Bellevue, WA","city_c2cf7437","True","14","100","locked"
"Bloomington","Bloomington, MN","city_668d0bd6","True","14","100","locked"
"Boise","Boise, ID","city_29ef5eb4","True","14","100","locked"
"Boston","Boston, MA","city_95b0c3ba","True","14","100","locked"
"Bowling Green","Bowling Green, KY","city_9814694d","True","14","100","locked"
"Broken Arrow","Broken Arrow, OK","city_c4822ada","True","14","100","locked"
"Chandler","Chandler, AZ","city_46d49fea","True","14","100","locked"
"Charlotte","Charlotte, NC","city_5090c3c6","True","14","100","locked"
"Chattanooga","Chattanooga, TN","city_b7aea338","True","14","100","locked"
"Chicago","Chicago, IL","city_4c180874","True","14","100","locked"
"Cincinnati","Cincinnati, OH","city_1e856280","True","14","100","locked"
"Clarksville","Clarksville, TN","city_5cbb095a","True","14","100","locked"
"Cleveland","Cleveland, OH","city_350fa856","True","14","100","locked"
"Colorado Springs","Colorado Springs, CO","city_328b326a","True","14","100","locked"
"Columbia","Columbia, MO","city_878f11ab","True","14","100","locked"
"Columbus","Columbus, OH","city_85e83faa","True","14","100","locked"
"Covington","Covington, KY","city_f8eaf382","True","14","100","locked"
"Dallas","Dallas, TX","city_5abab5f6","True","14","100","locked"
"Denver","Denver, CO","city_39d61699","True","14","100","locked"
"Detroit","Detroit, MI","city_6536761e","True","14","100","locked"
"Duluth","Duluth, MN","city_0b8ff86c","True","14","100","locked"
"Durham","Durham, NC","city_78ccf400","True","14","100","locked"
"Edmond","Edmond, OK","city_0c5b904d","True","14","100","locked"
"El Paso","El Paso, TX","city_990961e3","True","14","100","locked"
"Erie","Erie, PA","city_46ea53ac","True","14","100","locked"
"Eugene","Eugene, OR","city_eedb043f","True","14","100","locked"
"Flint","Flint, MI","city_9ba60036","True","14","100","locked"
"Fort Collins","Fort Collins, CO","city_254d227a","True","14","100","locked"
"Fort Worth","Fort Worth, TX","city_47b59fac","True","14","100","locked"
"Fresno","Fresno, CA","city_c94decbe","True","14","100","locked"
"Grand Rapids","Grand Rapids, MI","city_5c4c1c64","True","14","100","locked"
"Greensboro","Greensboro, NC","city_0e003b8d","True","14","100","locked"
"Gresham","Gresham, OR","city_400670ba","True","14","100","locked"
"Henderson","Henderson, NV","city_fc1b220f","True","14","100","locked"
"Hillsboro","Hillsboro, OR","city_bf66ad64","True","14","100","locked"
"Houston","Houston, TX","city_0a922e63","True","14","100","locked"
"Idaho Falls","Idaho Falls, ID","city_3fbbe606","True","14","100","locked"
"Independence","Independence, MO","city_16a23f41","True","14","100","locked"
"Indianapolis","Indianapolis, IN","city_1ae44e4f","True","14","100","locked"
"Jacksonville","Jacksonville, FL","city_7e936870","True","14","100","locked"
"Kansas City","Kansas City, MO","city_828fab47","True","14","100","locked"
"Knoxville","Knoxville, TN","city_20eb3715","True","14","100","locked"
"Lakewood","Lakewood, CO","city_1138b2d4","True","14","100","locked"
"Lansing","Lansing, MI","city_b0cd67a6","True","14","100","locked"
"Las Cruces","Las Cruces, NM","city_fa4dd02c","True","14","100","locked"
"Las Vegas","Las Vegas, NV","city_f03b8f57","True","14","100","locked"
"Lexington","Lexington, KY","city_6509ecc5","True","14","100","locked"
"Long Beach","Long Beach, CA","city_0a31d438","True","14","100","locked"
"Los Angeles","Los Angeles, CA","city_1f98af58","True","14","100","locked"
"Louisville","Louisville, KY","city_8e6f63cf","True","14","100","locked"
"Memphis","Memphis, TN","city_c79509a4","True","14","100","locked"
"Meridian","Meridian, ID","city_72c8b2f9","True","14","100","locked"
"Mesa","Mesa, AZ","city_7d043dae","True","14","100","locked"
"Miami","Miami, FL","city_53389926","True","14","100","locked"
"Milwaukee","Milwaukee, WI","city_3fad7905","True","14","100","locked"
"Minneapolis","Minneapolis, MN","city_1fd1b37f","True","14","100","locked"
"Nampa","Nampa, ID","city_70af1d0e","True","14","100","locked"
"Nashville","Nashville, TN","city_154a8fe9","True","14","100","locked"
"New Orleans","New Orleans, LA","city_b5ad2562","True","14","100","locked"
"New York","New York, NY","city_3d50f2fd","True","14","100","locked"
"Norman","Norman, OK","city_9e7d2fb8","True","14","100","locked"
"North Las Vegas","North Las Vegas, NV","city_7662680f","True","14","100","locked"
"Oakland","Oakland, CA","city_8f664c09","True","14","100","locked"
"Oklahoma City","Oklahoma City, OK","city_a2cbee70","True","14","100","locked"
"Omaha","Omaha, NE","city_127606b4","True","14","100","locked"
"Orem","Orem, UT","city_1e4fcd97","True","14","100","locked"
"Orlando","Orlando, FL","city_18d738e7","True","14","100","locked"
"Owensboro","Owensboro, KY","city_17fcb829","True","14","100","locked"
"Philadelphia","Philadelphia, PA","city_01f3a5ed","True","14","100","locked"
"Phoenix","Phoenix, AZ","city_8635d5db","True","14","100","locked"
"Pittsburgh","Pittsburgh, PA","city_49bcf5c9","True","14","100","locked"
"Pocatello","Pocatello, ID","city_4ada292b","True","14","100","locked"
"Portland","Portland, OR","city_ab77b2a8","True","14","100","locked"
"Provo","Provo, UT","city_b0c51a5d","True","14","100","locked"
"Raleigh","Raleigh, NC","city_16f77904","True","14","100","locked"
"Reading","Reading, PA","city_b183167f","True","14","100","locked"
"Reno","Reno, NV","city_f48df4c8","True","14","100","locked"
"Rio Rancho","Rio Rancho, NM","city_5e423e03","True","14","100","locked"
"Rochester","Rochester, MN","city_0d4f6d2f","True","14","100","locked"
"Roswell","Roswell, NM","city_e1fe8704","True","14","100","locked"
"Sacramento","Sacramento, CA","city_47748120","True","14","100","locked"
"Salem","Salem, OR","city_b27a62e8","True","14","100","locked"
"Salt Lake City","Salt Lake City, UT","city_9b7d017c","True","14","100","locked"
"San Antonio","San Antonio, TX","city_c27d5d7f","True","14","100","locked"
"San Diego","San Diego, CA","city_dd17b133","True","14","100","locked"
"San Francisco","San Francisco, CA","city_d2941d41","True","14","100","locked"
"San Jose","San Jose, CA","city_759cd460","True","14","100","locked"
"Santa Fe","Santa Fe, NM","city_60b147f2","True","14","100","locked"
"Scottsdale","Scottsdale, AZ","city_c1a02fde","True","14","100","locked"
"Seattle","Seattle, WA","city_b7ea02a9","True","14","100","locked"
"Sparks","Sparks, NV","city_f7bb5b9c","True","14","100","locked"
"Spokane","Spokane, WA","city_852df262","True","14","100","locked"
"Springfield","Springfield, MO","city_82649311","True","14","100","locked"
"St Louis","St Louis, MO","city_2a5ba728","True","14","100","locked"
"St Paul","St Paul, MN","city_70207d8e","True","14","100","locked"
"St Petersburg","St Petersburg, FL","city_936f1437","True","14","100","locked"
"Tacoma","Tacoma, WA","city_ef557a57","True","14","100","locked"
"Tampa","Tampa, FL","city_af6fd06c","True","14","100","locked"
"Toledo","Toledo, OH","city_4cbdb331","True","14","100","locked"
"Tucson","Tucson, AZ","city_b903b4d0","True","14","100","locked"
"Tulsa","Tulsa, OK","city_936b7d90","True","14","100","locked"
"Vancouver","Vancouver, WA","city_82e75d40","True","14","100","locked"
"Virginia Beach","Virginia Beach, VA","city_29cb8e76","True","14","100","locked"
"Washington","Washington, DC","city_5fedc010","True","14","100","locked"
"West Jordan","West Jordan, UT","city_c084361b","True","14","100","locked"
"West Valley City","West Valley City, UT","city_b6773437","True","14","100","locked"
"Winston-Salem","Winston-Salem, NC","city_763449ef","True","14","100","locked"
