import_row_id,discovery_task_id,category,target_type,source_type,organization_seed,city,region,country,search_query,source_url,source_title,discovered_organization_name,contact_route,contact_route_type,contact_person_or_role,lat,lon,founder_review_notes,import_status,forbidden
"BD_SOURCE_IMPORT_ROW_000001","BD_REAL_DISCOVERY_000001","LAW_ENFORCEMENT_TRAINING","TRAINING_AUTHORITY","OFFICIAL_STATE_SOURCE","State POST Academies","New York City","NY","USA","State POST Academies New York City NY","","","","","","","","","","AWAITING_REAL_SOURCE_INPUT","NO_PLACEHOLDERS_NO_GENERATED_CONTACTS_NO_PRIVATE_PERSONAL_DATA"
"BD_SOURCE_IMPORT_ROW_000002","BD_REAL_DISCOVERY_000002","LAW_ENFORCEMENT_TRAINING","ASSOCIATION","OFFICIAL_ASSOCIATION_SOURCE","Sheriff Associations","New York City","NY","USA","Sheriff Associations New York City NY","","","","","","","","","","AWAITING_REAL_SOURCE_INPUT","NO_PLACEHOLDERS_NO_GENERATED_CONTACTS_NO_PRIVATE_PERSONAL_DATA"
"BD_SOURCE_IMPORT_ROW_000003","BD_REAL_DISCOVERY_000003","LAW_ENFORCEMENT_TRAINING","CONFERENCE","PUBLIC_EVENT_SOURCE","Police Training Conferences","New York City","NY","USA","Police Training Conferences New York City NY","","","","","","","","","","AWAITING_REAL_SOURCE_INPUT","NO_PLACEHOLDERS_NO_GENERATED_CONTACTS_NO_PRIVATE_PERSONAL_DATA"
"BD_SOURCE_IMPORT_ROW_000004","BD_REAL_DISCOVERY_000004","MOTORCYCLE_COMMUNITY","DEALERSHIP","PUBLIC_BUSINESS_SOURCE","Motorcycle Dealerships","New York City","NY","USA","Motorcycle Dealerships New York City NY","","","","","","","","","","AWAITING_REAL_SOURCE_INPUT","NO_PLACEHOLDERS_NO_GENERATED_CONTACTS_NO_PRIVATE_PERSONAL_DATA"
"BD_SOURCE_IMPORT_ROW_000005","BD_REAL_DISCOVERY_000005","MOTORCYCLE_COMMUNITY","ASSOCIATION","PUBLIC_ASSOCIATION_SOURCE","Rider Associations","New York City","NY","USA","Rider Associations New York City NY","","","","","","","","","","AWAITING_REAL_SOURCE_INPUT","NO_PLACEHOLDERS_NO_GENERATED_CONTACTS_NO_PRIVATE_PERSONAL_DATA"
"BD_SOURCE_IMPORT_ROW_000006","BD_REAL_DISCOVERY_000006","MOTORCYCLE_COMMUNITY","EVENT_ORGANIZER","PUBLIC_EVENT_SOURCE","Motorcycle Rally Organizers","New York City","NY","USA","Motorcycle Rally Organizers New York City NY","","","","","","","","","","AWAITING_REAL_SOURCE_INPUT","NO_PLACEHOLDERS_NO_GENERATED_CONTACTS_NO_PRIVATE_PERSONAL_DATA"
"BD_SOURCE_IMPORT_ROW_000007","BD_REAL_DISCOVERY_000007","VETERAN_ECOSYSTEM","VETERAN_ORGANIZATION","PUBLIC_VETERAN_SOURCE","VFW Posts","New York City","NY","USA","VFW Posts New York City NY","","","","","","","","","","AWAITING_REAL_SOURCE_INPUT","NO_PLACEHOLDERS_NO_GENERATED_CONTACTS_NO_PRIVATE_PERSONAL_DATA"
"BD_SOURCE_IMPORT_ROW_000008","BD_REAL_DISCOVERY_000008","VETERAN_ECOSYSTEM","VETERAN_ORGANIZATION","PUBLIC_VETERAN_SOURCE","American Legion Posts","New York City","NY","USA","American Legion Posts New York City NY","","","","","","","","","","AWAITING_REAL_SOURCE_INPUT","NO_PLACEHOLDERS_NO_GENERATED_CONTACTS_NO_PRIVATE_PERSONAL_DATA"
"BD_SOURCE_IMPORT_ROW_000009","BD_REAL_DISCOVERY_000009","VETERAN_ECOSYSTEM","VETERAN_RIDER_GROUP","PUBLIC_ASSOCIATION_SOURCE","Combat Veteran Motorcycle Associations","New York City","NY","USA","Combat Veteran Motorcycle Associations New York City NY","","","","","","","","","","AWAITING_REAL_SOURCE_INPUT","NO_PLACEHOLDERS_NO_GENERATED_CONTACTS_NO_PRIVATE_PERSONAL_DATA"
"BD_SOURCE_IMPORT_ROW_000010","BD_REAL_DISCOVERY_000010","LAW_ENFORCEMENT_TRAINING","TRAINING_AUTHORITY","OFFICIAL_STATE_SOURCE","State POST Academies","Los Angeles","CA","USA","State POST Academies Los Angeles CA","","","","","","","","","","AWAITING_REAL_SOURCE_INPUT","NO_PLACEHOLDERS_NO_GENERATED_CONTACTS_NO_PRIVATE_PERSONAL_DATA"
"BD_SOURCE_IMPORT_ROW_000011","BD_REAL_DISCOVERY_000011","LAW_ENFORCEMENT_TRAINING","ASSOCIATION","OFFICIAL_ASSOCIATION_SOURCE","Sheriff Associations","Los Angeles","CA","USA","Sheriff Associations Los Angeles CA","","","","","","","","","","AWAITING_REAL_SOURCE_INPUT","NO_PLACEHOLDERS_NO_GENERATED_CONTACTS_NO_PRIVATE_PERSONAL_DATA"
"BD_SOURCE_IMPORT_ROW_000012","BD_REAL_DISCOVERY_000012","LAW_ENFORCEMENT_TRAINING","CONFERENCE","PUBLIC_EVENT_SOURCE","Police Training Conferences","Los Angeles","CA","USA","Police Training Conferences Los Angeles CA","","","","","","","","","","AWAITING_REAL_SOURCE_INPUT","NO_PLACEHOLDERS_NO_GENERATED_CONTACTS_NO_PRIVATE_PERSONAL_DATA"
"BD_SOURCE_IMPORT_ROW_000013","BD_REAL_DISCOVERY_000013","MOTORCYCLE_COMMUNITY","DEALERSHIP","PUBLIC_BUSINESS_SOURCE","Motorcycle Dealerships","Los Angeles","CA","USA","Motorcycle Dealerships Los Angeles CA","","","","","","","","","","AWAITING_REAL_SOURCE_INPUT","NO_PLACEHOLDERS_NO_GENERATED_CONTACTS_NO_PRIVATE_PERSONAL_DATA"
"BD_SOURCE_IMPORT_ROW_000014","BD_REAL_DISCOVERY_000014","MOTORCYCLE_COMMUNITY","ASSOCIATION","PUBLIC_ASSOCIATION_SOURCE","Rider Associations","Los Angeles","CA","USA","Rider Associations Los Angeles CA","","","","","","","","","","AWAITING_REAL_SOURCE_INPUT","NO_PLACEHOLDERS_NO_GENERATED_CONTACTS_NO_PRIVATE_PERSONAL_DATA"
"BD_SOURCE_IMPORT_ROW_000015","BD_REAL_DISCOVERY_000015","MOTORCYCLE_COMMUNITY","EVENT_ORGANIZER","PUBLIC_EVENT_SOURCE","Motorcycle Rally Organizers","Los Angeles","CA","USA","Motorcycle Rally Organizers Los Angeles CA","","","","","","","","","","AWAITING_REAL_SOURCE_INPUT","NO_PLACEHOLDERS_NO_GENERATED_CONTACTS_NO_PRIVATE_PERSONAL_DATA"
"BD_SOURCE_IMPORT_ROW_000016","BD_REAL_DISCOVERY_000016","VETERAN_ECOSYSTEM","VETERAN_ORGANIZATION","PUBLIC_VETERAN_SOURCE","VFW Posts","Los Angeles","CA","USA","VFW Posts Los Angeles CA","","","","","","","","","","AWAITING_REAL_SOURCE_INPUT","NO_PLACEHOLDERS_NO_GENERATED_CONTACTS_NO_PRIVATE_PERSONAL_DATA"
"BD_SOURCE_IMPORT_ROW_000017","BD_REAL_DISCOVERY_000017","VETERAN_ECOSYSTEM","VETERAN_ORGANIZATION","PUBLIC_VETERAN_SOURCE","American Legion Posts","Los Angeles","CA","USA","American Legion Posts Los Angeles CA","","","","","","","","","","AWAITING_REAL_SOURCE_INPUT","NO_PLACEHOLDERS_NO_GENERATED_CONTACTS_NO_PRIVATE_PERSONAL_DATA"
"BD_SOURCE_IMPORT_ROW_000018","BD_REAL_DISCOVERY_000018","VETERAN_ECOSYSTEM","VETERAN_RIDER_GROUP","PUBLIC_ASSOCIATION_SOURCE","Combat Veteran Motorcycle Associations","Los Angeles","CA","USA","Combat Veteran Motorcycle Associations Los Angeles CA","","","","","","","","","","AWAITING_REAL_SOURCE_INPUT","NO_PLACEHOLDERS_NO_GENERATED_CONTACTS_NO_PRIVATE_PERSONAL_DATA"
"BD_SOURCE_IMPORT_ROW_000019","BD_REAL_DISCOVERY_000019","LAW_ENFORCEMENT_TRAINING","TRAINING_AUTHORITY","OFFICIAL_STATE_SOURCE","State POST Academies","Chicago","IL","USA","State POST Academies Chicago IL","","","","","","","","","","AWAITING_REAL_SOURCE_INPUT","NO_PLACEHOLDERS_NO_GENERATED_CONTACTS_NO_PRIVATE_PERSONAL_DATA"
"BD_SOURCE_IMPORT_ROW_000020","BD_REAL_DISCOVERY_000020","LAW_ENFORCEMENT_TRAINING","ASSOCIATION","OFFICIAL_ASSOCIATION_SOURCE","Sheriff Associations","Chicago","IL","USA","Sheriff Associations Chicago IL","","","","","","","","","","AWAITING_REAL_SOURCE_INPUT","NO_PLACEHOLDERS_NO_GENERATED_CONTACTS_NO_PRIVATE_PERSONAL_DATA"
"BD_SOURCE_IMPORT_ROW_000021","BD_REAL_DISCOVERY_000021","LAW_ENFORCEMENT_TRAINING","CONFERENCE","PUBLIC_EVENT_SOURCE","Police Training Conferences","Chicago","IL","USA","Police Training Conferences Chicago IL","","","","","","","","","","AWAITING_REAL_SOURCE_INPUT","NO_PLACEHOLDERS_NO_GENERATED_CONTACTS_NO_PRIVATE_PERSONAL_DATA"
"BD_SOURCE_IMPORT_ROW_000022","BD_REAL_DISCOVERY_000022","MOTORCYCLE_COMMUNITY","DEALERSHIP","PUBLIC_BUSINESS_SOURCE","Motorcycle Dealerships","Chicago","IL","USA","Motorcycle Dealerships Chicago IL","","","","","","","","","","AWAITING_REAL_SOURCE_INPUT","NO_PLACEHOLDERS_NO_GENERATED_CONTACTS_NO_PRIVATE_PERSONAL_DATA"
"BD_SOURCE_IMPORT_ROW_000023","BD_REAL_DISCOVERY_000023","MOTORCYCLE_COMMUNITY","ASSOCIATION","PUBLIC_ASSOCIATION_SOURCE","Rider Associations","Chicago","IL","USA","Rider Associations Chicago IL","","","","","","","","","","AWAITING_REAL_SOURCE_INPUT","NO_PLACEHOLDERS_NO_GENERATED_CONTACTS_NO_PRIVATE_PERSONAL_DATA"
"BD_SOURCE_IMPORT_ROW_000024","BD_REAL_DISCOVERY_000024","MOTORCYCLE_COMMUNITY","EVENT_ORGANIZER","PUBLIC_EVENT_SOURCE","Motorcycle Rally Organizers","Chicago","IL","USA","Motorcycle Rally Organizers Chicago IL","","","","","","","","","","AWAITING_REAL_SOURCE_INPUT","NO_PLACEHOLDERS_NO_GENERATED_CONTACTS_NO_PRIVATE_PERSONAL_DATA"
"BD_SOURCE_IMPORT_ROW_000025","BD_REAL_DISCOVERY_000025","VETERAN_ECOSYSTEM","VETERAN_ORGANIZATION","PUBLIC_VETERAN_SOURCE","VFW Posts","Chicago","IL","USA","VFW Posts Chicago IL","","","","","","","","","","AWAITING_REAL_SOURCE_INPUT","NO_PLACEHOLDERS_NO_GENERATED_CONTACTS_NO_PRIVATE_PERSONAL_DATA"
"BD_SOURCE_IMPORT_ROW_000026","BD_REAL_DISCOVERY_000026","VETERAN_ECOSYSTEM","VETERAN_ORGANIZATION","PUBLIC_VETERAN_SOURCE","American Legion Posts","Chicago","IL","USA","American Legion Posts Chicago IL","","","","","","","","","","AWAITING_REAL_SOURCE_INPUT","NO_PLACEHOLDERS_NO_GENERATED_CONTACTS_NO_PRIVATE_PERSONAL_DATA"
"BD_SOURCE_IMPORT_ROW_000027","BD_REAL_DISCOVERY_000027","VETERAN_ECOSYSTEM","VETERAN_RIDER_GROUP","PUBLIC_ASSOCIATION_SOURCE","Combat Veteran Motorcycle Associations","Chicago","IL","USA","Combat Veteran Motorcycle Associations Chicago IL","","","","","","","","","","AWAITING_REAL_SOURCE_INPUT","NO_PLACEHOLDERS_NO_GENERATED_CONTACTS_NO_PRIVATE_PERSONAL_DATA"
"BD_SOURCE_IMPORT_ROW_000028","BD_REAL_DISCOVERY_000028","LAW_ENFORCEMENT_TRAINING","TRAINING_AUTHORITY","OFFICIAL_STATE_SOURCE","State POST Academies","Houston","TX","USA","State POST Academies Houston TX","","","","","","","","","","AWAITING_REAL_SOURCE_INPUT","NO_PLACEHOLDERS_NO_GENERATED_CONTACTS_NO_PRIVATE_PERSONAL_DATA"
"BD_SOURCE_IMPORT_ROW_000029","BD_REAL_DISCOVERY_000029","LAW_ENFORCEMENT_TRAINING","ASSOCIATION","OFFICIAL_ASSOCIATION_SOURCE","Sheriff Associations","Houston","TX","USA","Sheriff Associations Houston TX","","","","","","","","","","AWAITING_REAL_SOURCE_INPUT","NO_PLACEHOLDERS_NO_GENERATED_CONTACTS_NO_PRIVATE_PERSONAL_DATA"
"BD_SOURCE_IMPORT_ROW_000030","BD_REAL_DISCOVERY_000030","LAW_ENFORCEMENT_TRAINING","CONFERENCE","PUBLIC_EVENT_SOURCE","Police Training Conferences","Houston","TX","USA","Police Training Conferences Houston TX","","","","","","","","","","AWAITING_REAL_SOURCE_INPUT","NO_PLACEHOLDERS_NO_GENERATED_CONTACTS_NO_PRIVATE_PERSONAL_DATA"
"BD_SOURCE_IMPORT_ROW_000031","BD_REAL_DISCOVERY_000031","MOTORCYCLE_COMMUNITY","DEALERSHIP","PUBLIC_BUSINESS_SOURCE","Motorcycle Dealerships","Houston","TX","USA","Motorcycle Dealerships Houston TX","","","","","","","","","","AWAITING_REAL_SOURCE_INPUT","NO_PLACEHOLDERS_NO_GENERATED_CONTACTS_NO_PRIVATE_PERSONAL_DATA"
"BD_SOURCE_IMPORT_ROW_000032","BD_REAL_DISCOVERY_000032","MOTORCYCLE_COMMUNITY","ASSOCIATION","PUBLIC_ASSOCIATION_SOURCE","Rider Associations","Houston","TX","USA","Rider Associations Houston TX","","","","","","","","","","AWAITING_REAL_SOURCE_INPUT","NO_PLACEHOLDERS_NO_GENERATED_CONTACTS_NO_PRIVATE_PERSONAL_DATA"
"BD_SOURCE_IMPORT_ROW_000033","BD_REAL_DISCOVERY_000033","MOTORCYCLE_COMMUNITY","EVENT_ORGANIZER","PUBLIC_EVENT_SOURCE","Motorcycle Rally Organizers","Houston","TX","USA","Motorcycle Rally Organizers Houston TX","","","","","","","","","","AWAITING_REAL_SOURCE_INPUT","NO_PLACEHOLDERS_NO_GENERATED_CONTACTS_NO_PRIVATE_PERSONAL_DATA"
"BD_SOURCE_IMPORT_ROW_000034","BD_REAL_DISCOVERY_000034","VETERAN_ECOSYSTEM","VETERAN_ORGANIZATION","PUBLIC_VETERAN_SOURCE","VFW Posts","Houston","TX","USA","VFW Posts Houston TX","","","","","","","","","","AWAITING_REAL_SOURCE_INPUT","NO_PLACEHOLDERS_NO_GENERATED_CONTACTS_NO_PRIVATE_PERSONAL_DATA"
"BD_SOURCE_IMPORT_ROW_000035","BD_REAL_DISCOVERY_000035","VETERAN_ECOSYSTEM","VETERAN_ORGANIZATION","PUBLIC_VETERAN_SOURCE","American Legion Posts","Houston","TX","USA","American Legion Posts Houston TX","","","","","","","","","","AWAITING_REAL_SOURCE_INPUT","NO_PLACEHOLDERS_NO_GENERATED_CONTACTS_NO_PRIVATE_PERSONAL_DATA"
"BD_SOURCE_IMPORT_ROW_000036","BD_REAL_DISCOVERY_000036","VETERAN_ECOSYSTEM","VETERAN_RIDER_GROUP","PUBLIC_ASSOCIATION_SOURCE","Combat Veteran Motorcycle Associations","Houston","TX","USA","Combat Veteran Motorcycle Associations Houston TX","","","","","","","","","","AWAITING_REAL_SOURCE_INPUT","NO_PLACEHOLDERS_NO_GENERATED_CONTACTS_NO_PRIVATE_PERSONAL_DATA"
"BD_SOURCE_IMPORT_ROW_000037","BD_REAL_DISCOVERY_000037","LAW_ENFORCEMENT_TRAINING","TRAINING_AUTHORITY","OFFICIAL_STATE_SOURCE","State POST Academies","Phoenix","AZ","USA","State POST Academies Phoenix AZ","","","","","","","","","","AWAITING_REAL_SOURCE_INPUT","NO_PLACEHOLDERS_NO_GENERATED_CONTACTS_NO_PRIVATE_PERSONAL_DATA"
"BD_SOURCE_IMPORT_ROW_000038","BD_REAL_DISCOVERY_000038","LAW_ENFORCEMENT_TRAINING","ASSOCIATION","OFFICIAL_ASSOCIATION_SOURCE","Sheriff Associations","Phoenix","AZ","USA","Sheriff Associations Phoenix AZ","","","","","","","","","","AWAITING_REAL_SOURCE_INPUT","NO_PLACEHOLDERS_NO_GENERATED_CONTACTS_NO_PRIVATE_PERSONAL_DATA"
"BD_SOURCE_IMPORT_ROW_000039","BD_REAL_DISCOVERY_000039","LAW_ENFORCEMENT_TRAINING","CONFERENCE","PUBLIC_EVENT_SOURCE","Police Training Conferences","Phoenix","AZ","USA","Police Training Conferences Phoenix AZ","","","","","","","","","","AWAITING_REAL_SOURCE_INPUT","NO_PLACEHOLDERS_NO_GENERATED_CONTACTS_NO_PRIVATE_PERSONAL_DATA"
"BD_SOURCE_IMPORT_ROW_000040","BD_REAL_DISCOVERY_000040","MOTORCYCLE_COMMUNITY","DEALERSHIP","PUBLIC_BUSINESS_SOURCE","Motorcycle Dealerships","Phoenix","AZ","USA","Motorcycle Dealerships Phoenix AZ","","","","","","","","","","AWAITING_REAL_SOURCE_INPUT","NO_PLACEHOLDERS_NO_GENERATED_CONTACTS_NO_PRIVATE_PERSONAL_DATA"
"BD_SOURCE_IMPORT_ROW_000041","BD_REAL_DISCOVERY_000041","MOTORCYCLE_COMMUNITY","ASSOCIATION","PUBLIC_ASSOCIATION_SOURCE","Rider Associations","Phoenix","AZ","USA","Rider Associations Phoenix AZ","","","","","","","","","","AWAITING_REAL_SOURCE_INPUT","NO_PLACEHOLDERS_NO_GENERATED_CONTACTS_NO_PRIVATE_PERSONAL_DATA"
"BD_SOURCE_IMPORT_ROW_000042","BD_REAL_DISCOVERY_000042","MOTORCYCLE_COMMUNITY","EVENT_ORGANIZER","PUBLIC_EVENT_SOURCE","Motorcycle Rally Organizers","Phoenix","AZ","USA","Motorcycle Rally Organizers Phoenix AZ","","","","","","","","","","AWAITING_REAL_SOURCE_INPUT","NO_PLACEHOLDERS_NO_GENERATED_CONTACTS_NO_PRIVATE_PERSONAL_DATA"
"BD_SOURCE_IMPORT_ROW_000043","BD_REAL_DISCOVERY_000043","VETERAN_ECOSYSTEM","VETERAN_ORGANIZATION","PUBLIC_VETERAN_SOURCE","VFW Posts","Phoenix","AZ","USA","VFW Posts Phoenix AZ","","","","","","","","","","AWAITING_REAL_SOURCE_INPUT","NO_PLACEHOLDERS_NO_GENERATED_CONTACTS_NO_PRIVATE_PERSONAL_DATA"
"BD_SOURCE_IMPORT_ROW_000044","BD_REAL_DISCOVERY_000044","VETERAN_ECOSYSTEM","VETERAN_ORGANIZATION","PUBLIC_VETERAN_SOURCE","American Legion Posts","Phoenix","AZ","USA","American Legion Posts Phoenix AZ","","","","","","","","","","AWAITING_REAL_SOURCE_INPUT","NO_PLACEHOLDERS_NO_GENERATED_CONTACTS_NO_PRIVATE_PERSONAL_DATA"
"BD_SOURCE_IMPORT_ROW_000045","BD_REAL_DISCOVERY_000045","VETERAN_ECOSYSTEM","VETERAN_RIDER_GROUP","PUBLIC_ASSOCIATION_SOURCE","Combat Veteran Motorcycle Associations","Phoenix","AZ","USA","Combat Veteran Motorcycle Associations Phoenix AZ","","","","","","","","","","AWAITING_REAL_SOURCE_INPUT","NO_PLACEHOLDERS_NO_GENERATED_CONTACTS_NO_PRIVATE_PERSONAL_DATA"
"BD_SOURCE_IMPORT_ROW_000046","BD_REAL_DISCOVERY_000046","LAW_ENFORCEMENT_TRAINING","TRAINING_AUTHORITY","OFFICIAL_STATE_SOURCE","State POST Academies","Philadelphia","PA","USA","State POST Academies Philadelphia PA","","","","","","","","","","AWAITING_REAL_SOURCE_INPUT","NO_PLACEHOLDERS_NO_GENERATED_CONTACTS_NO_PRIVATE_PERSONAL_DATA"
"BD_SOURCE_IMPORT_ROW_000047","BD_REAL_DISCOVERY_000047","LAW_ENFORCEMENT_TRAINING","ASSOCIATION","OFFICIAL_ASSOCIATION_SOURCE","Sheriff Associations","Philadelphia","PA","USA","Sheriff Associations Philadelphia PA","","","","","","","","","","AWAITING_REAL_SOURCE_INPUT","NO_PLACEHOLDERS_NO_GENERATED_CONTACTS_NO_PRIVATE_PERSONAL_DATA"
"BD_SOURCE_IMPORT_ROW_000048","BD_REAL_DISCOVERY_000048","LAW_ENFORCEMENT_TRAINING","CONFERENCE","PUBLIC_EVENT_SOURCE","Police Training Conferences","Philadelphia","PA","USA","Police Training Conferences Philadelphia PA","","","","","","","","","","AWAITING_REAL_SOURCE_INPUT","NO_PLACEHOLDERS_NO_GENERATED_CONTACTS_NO_PRIVATE_PERSONAL_DATA"
"BD_SOURCE_IMPORT_ROW_000049","BD_REAL_DISCOVERY_000049","MOTORCYCLE_COMMUNITY","DEALERSHIP","PUBLIC_BUSINESS_SOURCE","Motorcycle Dealerships","Philadelphia","PA","USA","Motorcycle Dealerships Philadelphia PA","","","","","","","","","","AWAITING_REAL_SOURCE_INPUT","NO_PLACEHOLDERS_NO_GENERATED_CONTACTS_NO_PRIVATE_PERSONAL_DATA"
"BD_SOURCE_IMPORT_ROW_000050","BD_REAL_DISCOVERY_000050","MOTORCYCLE_COMMUNITY","ASSOCIATION","PUBLIC_ASSOCIATION_SOURCE","Rider Associations","Philadelphia","PA","USA","Rider Associations Philadelphia PA","","","","","","","","","","AWAITING_REAL_SOURCE_INPUT","NO_PLACEHOLDERS_NO_GENERATED_CONTACTS_NO_PRIVATE_PERSONAL_DATA"
"BD_SOURCE_IMPORT_ROW_000051","BD_REAL_DISCOVERY_000051","MOTORCYCLE_COMMUNITY","EVENT_ORGANIZER","PUBLIC_EVENT_SOURCE","Motorcycle Rally Organizers","Philadelphia","PA","USA","Motorcycle Rally Organizers Philadelphia PA","","","","","","","","","","AWAITING_REAL_SOURCE_INPUT","NO_PLACEHOLDERS_NO_GENERATED_CONTACTS_NO_PRIVATE_PERSONAL_DATA"
"BD_SOURCE_IMPORT_ROW_000052","BD_REAL_DISCOVERY_000052","VETERAN_ECOSYSTEM","VETERAN_ORGANIZATION","PUBLIC_VETERAN_SOURCE","VFW Posts","Philadelphia","PA","USA","VFW Posts Philadelphia PA","","","","","","","","","","AWAITING_REAL_SOURCE_INPUT","NO_PLACEHOLDERS_NO_GENERATED_CONTACTS_NO_PRIVATE_PERSONAL_DATA"
"BD_SOURCE_IMPORT_ROW_000053","BD_REAL_DISCOVERY_000053","VETERAN_ECOSYSTEM","VETERAN_ORGANIZATION","PUBLIC_VETERAN_SOURCE","American Legion Posts","Philadelphia","PA","USA","American Legion Posts Philadelphia PA","","","","","","","","","","AWAITING_REAL_SOURCE_INPUT","NO_PLACEHOLDERS_NO_GENERATED_CONTACTS_NO_PRIVATE_PERSONAL_DATA"
"BD_SOURCE_IMPORT_ROW_000054","BD_REAL_DISCOVERY_000054","VETERAN_ECOSYSTEM","VETERAN_RIDER_GROUP","PUBLIC_ASSOCIATION_SOURCE","Combat Veteran Motorcycle Associations","Philadelphia","PA","USA","Combat Veteran Motorcycle Associations Philadelphia PA","","","","","","","","","","AWAITING_REAL_SOURCE_INPUT","NO_PLACEHOLDERS_NO_GENERATED_CONTACTS_NO_PRIVATE_PERSONAL_DATA"
"BD_SOURCE_IMPORT_ROW_000055","BD_REAL_DISCOVERY_000055","LAW_ENFORCEMENT_TRAINING","TRAINING_AUTHORITY","OFFICIAL_STATE_SOURCE","State POST Academies","San Antonio","TX","USA","State POST Academies San Antonio TX","","","","","","","","","","AWAITING_REAL_SOURCE_INPUT","NO_PLACEHOLDERS_NO_GENERATED_CONTACTS_NO_PRIVATE_PERSONAL_DATA"
"BD_SOURCE_IMPORT_ROW_000056","BD_REAL_DISCOVERY_000056","LAW_ENFORCEMENT_TRAINING","ASSOCIATION","OFFICIAL_ASSOCIATION_SOURCE","Sheriff Associations","San Antonio","TX","USA","Sheriff Associations San Antonio TX","","","","","","","","","","AWAITING_REAL_SOURCE_INPUT","NO_PLACEHOLDERS_NO_GENERATED_CONTACTS_NO_PRIVATE_PERSONAL_DATA"
"BD_SOURCE_IMPORT_ROW_000057","BD_REAL_DISCOVERY_000057","LAW_ENFORCEMENT_TRAINING","CONFERENCE","PUBLIC_EVENT_SOURCE","Police Training Conferences","San Antonio","TX","USA","Police Training Conferences San Antonio TX","","","","","","","","","","AWAITING_REAL_SOURCE_INPUT","NO_PLACEHOLDERS_NO_GENERATED_CONTACTS_NO_PRIVATE_PERSONAL_DATA"
"BD_SOURCE_IMPORT_ROW_000058","BD_REAL_DISCOVERY_000058","MOTORCYCLE_COMMUNITY","DEALERSHIP","PUBLIC_BUSINESS_SOURCE","Motorcycle Dealerships","San Antonio","TX","USA","Motorcycle Dealerships San Antonio TX","","","","","","","","","","AWAITING_REAL_SOURCE_INPUT","NO_PLACEHOLDERS_NO_GENERATED_CONTACTS_NO_PRIVATE_PERSONAL_DATA"
"BD_SOURCE_IMPORT_ROW_000059","BD_REAL_DISCOVERY_000059","MOTORCYCLE_COMMUNITY","ASSOCIATION","PUBLIC_ASSOCIATION_SOURCE","Rider Associations","San Antonio","TX","USA","Rider Associations San Antonio TX","","","","","","","","","","AWAITING_REAL_SOURCE_INPUT","NO_PLACEHOLDERS_NO_GENERATED_CONTACTS_NO_PRIVATE_PERSONAL_DATA"
"BD_SOURCE_IMPORT_ROW_000060","BD_REAL_DISCOVERY_000060","MOTORCYCLE_COMMUNITY","EVENT_ORGANIZER","PUBLIC_EVENT_SOURCE","Motorcycle Rally Organizers","San Antonio","TX","USA","Motorcycle Rally Organizers San Antonio TX","","","","","","","","","","AWAITING_REAL_SOURCE_INPUT","NO_PLACEHOLDERS_NO_GENERATED_CONTACTS_NO_PRIVATE_PERSONAL_DATA"
"BD_SOURCE_IMPORT_ROW_000061","BD_REAL_DISCOVERY_000061","VETERAN_ECOSYSTEM","VETERAN_ORGANIZATION","PUBLIC_VETERAN_SOURCE","VFW Posts","San Antonio","TX","USA","VFW Posts San Antonio TX","","","","","","","","","","AWAITING_REAL_SOURCE_INPUT","NO_PLACEHOLDERS_NO_GENERATED_CONTACTS_NO_PRIVATE_PERSONAL_DATA"
"BD_SOURCE_IMPORT_ROW_000062","BD_REAL_DISCOVERY_000062","VETERAN_ECOSYSTEM","VETERAN_ORGANIZATION","PUBLIC_VETERAN_SOURCE","American Legion Posts","San Antonio","TX","USA","American Legion Posts San Antonio TX","","","","","","","","","","AWAITING_REAL_SOURCE_INPUT","NO_PLACEHOLDERS_NO_GENERATED_CONTACTS_NO_PRIVATE_PERSONAL_DATA"
"BD_SOURCE_IMPORT_ROW_000063","BD_REAL_DISCOVERY_000063","VETERAN_ECOSYSTEM","VETERAN_RIDER_GROUP","PUBLIC_ASSOCIATION_SOURCE","Combat Veteran Motorcycle Associations","San Antonio","TX","USA","Combat Veteran Motorcycle Associations San Antonio TX","","","","","","","","","","AWAITING_REAL_SOURCE_INPUT","NO_PLACEHOLDERS_NO_GENERATED_CONTACTS_NO_PRIVATE_PERSONAL_DATA"
"BD_SOURCE_IMPORT_ROW_000064","BD_REAL_DISCOVERY_000064","LAW_ENFORCEMENT_TRAINING","TRAINING_AUTHORITY","OFFICIAL_STATE_SOURCE","State POST Academies","San Diego","CA","USA","State POST Academies San Diego CA","","","","","","","","","","AWAITING_REAL_SOURCE_INPUT","NO_PLACEHOLDERS_NO_GENERATED_CONTACTS_NO_PRIVATE_PERSONAL_DATA"
"BD_SOURCE_IMPORT_ROW_000065","BD_REAL_DISCOVERY_000065","LAW_ENFORCEMENT_TRAINING","ASSOCIATION","OFFICIAL_ASSOCIATION_SOURCE","Sheriff Associations","San Diego","CA","USA","Sheriff Associations San Diego CA","","","","","","","","","","AWAITING_REAL_SOURCE_INPUT","NO_PLACEHOLDERS_NO_GENERATED_CONTACTS_NO_PRIVATE_PERSONAL_DATA"
"BD_SOURCE_IMPORT_ROW_000066","BD_REAL_DISCOVERY_000066","LAW_ENFORCEMENT_TRAINING","CONFERENCE","PUBLIC_EVENT_SOURCE","Police Training Conferences","San Diego","CA","USA","Police Training Conferences San Diego CA","","","","","","","","","","AWAITING_REAL_SOURCE_INPUT","NO_PLACEHOLDERS_NO_GENERATED_CONTACTS_NO_PRIVATE_PERSONAL_DATA"
"BD_SOURCE_IMPORT_ROW_000067","BD_REAL_DISCOVERY_000067","MOTORCYCLE_COMMUNITY","DEALERSHIP","PUBLIC_BUSINESS_SOURCE","Motorcycle Dealerships","San Diego","CA","USA","Motorcycle Dealerships San Diego CA","","","","","","","","","","AWAITING_REAL_SOURCE_INPUT","NO_PLACEHOLDERS_NO_GENERATED_CONTACTS_NO_PRIVATE_PERSONAL_DATA"
"BD_SOURCE_IMPORT_ROW_000068","BD_REAL_DISCOVERY_000068","MOTORCYCLE_COMMUNITY","ASSOCIATION","PUBLIC_ASSOCIATION_SOURCE","Rider Associations","San Diego","CA","USA","Rider Associations San Diego CA","","","","","","","","","","AWAITING_REAL_SOURCE_INPUT","NO_PLACEHOLDERS_NO_GENERATED_CONTACTS_NO_PRIVATE_PERSONAL_DATA"
"BD_SOURCE_IMPORT_ROW_000069","BD_REAL_DISCOVERY_000069","MOTORCYCLE_COMMUNITY","EVENT_ORGANIZER","PUBLIC_EVENT_SOURCE","Motorcycle Rally Organizers","San Diego","CA","USA","Motorcycle Rally Organizers San Diego CA","","","","","","","","","","AWAITING_REAL_SOURCE_INPUT","NO_PLACEHOLDERS_NO_GENERATED_CONTACTS_NO_PRIVATE_PERSONAL_DATA"
"BD_SOURCE_IMPORT_ROW_000070","BD_REAL_DISCOVERY_000070","VETERAN_ECOSYSTEM","VETERAN_ORGANIZATION","PUBLIC_VETERAN_SOURCE","VFW Posts","San Diego","CA","USA","VFW Posts San Diego CA","","","","","","","","","","AWAITING_REAL_SOURCE_INPUT","NO_PLACEHOLDERS_NO_GENERATED_CONTACTS_NO_PRIVATE_PERSONAL_DATA"
"BD_SOURCE_IMPORT_ROW_000071","BD_REAL_DISCOVERY_000071","VETERAN_ECOSYSTEM","VETERAN_ORGANIZATION","PUBLIC_VETERAN_SOURCE","American Legion Posts","San Diego","CA","USA","American Legion Posts San Diego CA","","","","","","","","","","AWAITING_REAL_SOURCE_INPUT","NO_PLACEHOLDERS_NO_GENERATED_CONTACTS_NO_PRIVATE_PERSONAL_DATA"
"BD_SOURCE_IMPORT_ROW_000072","BD_REAL_DISCOVERY_000072","VETERAN_ECOSYSTEM","VETERAN_RIDER_GROUP","PUBLIC_ASSOCIATION_SOURCE","Combat Veteran Motorcycle Associations","San Diego","CA","USA","Combat Veteran Motorcycle Associations San Diego CA","","","","","","","","","","AWAITING_REAL_SOURCE_INPUT","NO_PLACEHOLDERS_NO_GENERATED_CONTACTS_NO_PRIVATE_PERSONAL_DATA"
"BD_SOURCE_IMPORT_ROW_000073","BD_REAL_DISCOVERY_000073","LAW_ENFORCEMENT_TRAINING","TRAINING_AUTHORITY","OFFICIAL_STATE_SOURCE","State POST Academies","Dallas","TX","USA","State POST Academies Dallas TX","","","","","","","","","","AWAITING_REAL_SOURCE_INPUT","NO_PLACEHOLDERS_NO_GENERATED_CONTACTS_NO_PRIVATE_PERSONAL_DATA"
"BD_SOURCE_IMPORT_ROW_000074","BD_REAL_DISCOVERY_000074","LAW_ENFORCEMENT_TRAINING","ASSOCIATION","OFFICIAL_ASSOCIATION_SOURCE","Sheriff Associations","Dallas","TX","USA","Sheriff Associations Dallas TX","","","","","","","","","","AWAITING_REAL_SOURCE_INPUT","NO_PLACEHOLDERS_NO_GENERATED_CONTACTS_NO_PRIVATE_PERSONAL_DATA"
"BD_SOURCE_IMPORT_ROW_000075","BD_REAL_DISCOVERY_000075","LAW_ENFORCEMENT_TRAINING","CONFERENCE","PUBLIC_EVENT_SOURCE","Police Training Conferences","Dallas","TX","USA","Police Training Conferences Dallas TX","","","","","","","","","","AWAITING_REAL_SOURCE_INPUT","NO_PLACEHOLDERS_NO_GENERATED_CONTACTS_NO_PRIVATE_PERSONAL_DATA"
"BD_SOURCE_IMPORT_ROW_000076","BD_REAL_DISCOVERY_000076","MOTORCYCLE_COMMUNITY","DEALERSHIP","PUBLIC_BUSINESS_SOURCE","Motorcycle Dealerships","Dallas","TX","USA","Motorcycle Dealerships Dallas TX","","","","","","","","","","AWAITING_REAL_SOURCE_INPUT","NO_PLACEHOLDERS_NO_GENERATED_CONTACTS_NO_PRIVATE_PERSONAL_DATA"
"BD_SOURCE_IMPORT_ROW_000077","BD_REAL_DISCOVERY_000077","MOTORCYCLE_COMMUNITY","ASSOCIATION","PUBLIC_ASSOCIATION_SOURCE","Rider Associations","Dallas","TX","USA","Rider Associations Dallas TX","","","","","","","","","","AWAITING_REAL_SOURCE_INPUT","NO_PLACEHOLDERS_NO_GENERATED_CONTACTS_NO_PRIVATE_PERSONAL_DATA"
"BD_SOURCE_IMPORT_ROW_000078","BD_REAL_DISCOVERY_000078","MOTORCYCLE_COMMUNITY","EVENT_ORGANIZER","PUBLIC_EVENT_SOURCE","Motorcycle Rally Organizers","Dallas","TX","USA","Motorcycle Rally Organizers Dallas TX","","","","","","","","","","AWAITING_REAL_SOURCE_INPUT","NO_PLACEHOLDERS_NO_GENERATED_CONTACTS_NO_PRIVATE_PERSONAL_DATA"
"BD_SOURCE_IMPORT_ROW_000079","BD_REAL_DISCOVERY_000079","VETERAN_ECOSYSTEM","VETERAN_ORGANIZATION","PUBLIC_VETERAN_SOURCE","VFW Posts","Dallas","TX","USA","VFW Posts Dallas TX","","","","","","","","","","AWAITING_REAL_SOURCE_INPUT","NO_PLACEHOLDERS_NO_GENERATED_CONTACTS_NO_PRIVATE_PERSONAL_DATA"
"BD_SOURCE_IMPORT_ROW_000080","BD_REAL_DISCOVERY_000080","VETERAN_ECOSYSTEM","VETERAN_ORGANIZATION","PUBLIC_VETERAN_SOURCE","American Legion Posts","Dallas","TX","USA","American Legion Posts Dallas TX","","","","","","","","","","AWAITING_REAL_SOURCE_INPUT","NO_PLACEHOLDERS_NO_GENERATED_CONTACTS_NO_PRIVATE_PERSONAL_DATA"
"BD_SOURCE_IMPORT_ROW_000081","BD_REAL_DISCOVERY_000081","VETERAN_ECOSYSTEM","VETERAN_RIDER_GROUP","PUBLIC_ASSOCIATION_SOURCE","Combat Veteran Motorcycle Associations","Dallas","TX","USA","Combat Veteran Motorcycle Associations Dallas TX","","","","","","","","","","AWAITING_REAL_SOURCE_INPUT","NO_PLACEHOLDERS_NO_GENERATED_CONTACTS_NO_PRIVATE_PERSONAL_DATA"
"BD_SOURCE_IMPORT_ROW_000082","BD_REAL_DISCOVERY_000082","LAW_ENFORCEMENT_TRAINING","TRAINING_AUTHORITY","OFFICIAL_STATE_SOURCE","State POST Academies","Austin","TX","USA","State POST Academies Austin TX","","","","","","","","","","AWAITING_REAL_SOURCE_INPUT","NO_PLACEHOLDERS_NO_GENERATED_CONTACTS_NO_PRIVATE_PERSONAL_DATA"
"BD_SOURCE_IMPORT_ROW_000083","BD_REAL_DISCOVERY_000083","LAW_ENFORCEMENT_TRAINING","ASSOCIATION","OFFICIAL_ASSOCIATION_SOURCE","Sheriff Associations","Austin","TX","USA","Sheriff Associations Austin TX","","","","","","","","","","AWAITING_REAL_SOURCE_INPUT","NO_PLACEHOLDERS_NO_GENERATED_CONTACTS_NO_PRIVATE_PERSONAL_DATA"
"BD_SOURCE_IMPORT_ROW_000084","BD_REAL_DISCOVERY_000084","LAW_ENFORCEMENT_TRAINING","CONFERENCE","PUBLIC_EVENT_SOURCE","Police Training Conferences","Austin","TX","USA","Police Training Conferences Austin TX","","","","","","","","","","AWAITING_REAL_SOURCE_INPUT","NO_PLACEHOLDERS_NO_GENERATED_CONTACTS_NO_PRIVATE_PERSONAL_DATA"
"BD_SOURCE_IMPORT_ROW_000085","BD_REAL_DISCOVERY_000085","MOTORCYCLE_COMMUNITY","DEALERSHIP","PUBLIC_BUSINESS_SOURCE","Motorcycle Dealerships","Austin","TX","USA","Motorcycle Dealerships Austin TX","","","","","","","","","","AWAITING_REAL_SOURCE_INPUT","NO_PLACEHOLDERS_NO_GENERATED_CONTACTS_NO_PRIVATE_PERSONAL_DATA"
"BD_SOURCE_IMPORT_ROW_000086","BD_REAL_DISCOVERY_000086","MOTORCYCLE_COMMUNITY","ASSOCIATION","PUBLIC_ASSOCIATION_SOURCE","Rider Associations","Austin","TX","USA","Rider Associations Austin TX","","","","","","","","","","AWAITING_REAL_SOURCE_INPUT","NO_PLACEHOLDERS_NO_GENERATED_CONTACTS_NO_PRIVATE_PERSONAL_DATA"
"BD_SOURCE_IMPORT_ROW_000087","BD_REAL_DISCOVERY_000087","MOTORCYCLE_COMMUNITY","EVENT_ORGANIZER","PUBLIC_EVENT_SOURCE","Motorcycle Rally Organizers","Austin","TX","USA","Motorcycle Rally Organizers Austin TX","","","","","","","","","","AWAITING_REAL_SOURCE_INPUT","NO_PLACEHOLDERS_NO_GENERATED_CONTACTS_NO_PRIVATE_PERSONAL_DATA"
"BD_SOURCE_IMPORT_ROW_000088","BD_REAL_DISCOVERY_000088","VETERAN_ECOSYSTEM","VETERAN_ORGANIZATION","PUBLIC_VETERAN_SOURCE","VFW Posts","Austin","TX","USA","VFW Posts Austin TX","","","","","","","","","","AWAITING_REAL_SOURCE_INPUT","NO_PLACEHOLDERS_NO_GENERATED_CONTACTS_NO_PRIVATE_PERSONAL_DATA"
"BD_SOURCE_IMPORT_ROW_000089","BD_REAL_DISCOVERY_000089","VETERAN_ECOSYSTEM","VETERAN_ORGANIZATION","PUBLIC_VETERAN_SOURCE","American Legion Posts","Austin","TX","USA","American Legion Posts Austin TX","","","","","","","","","","AWAITING_REAL_SOURCE_INPUT","NO_PLACEHOLDERS_NO_GENERATED_CONTACTS_NO_PRIVATE_PERSONAL_DATA"
"BD_SOURCE_IMPORT_ROW_000090","BD_REAL_DISCOVERY_000090","VETERAN_ECOSYSTEM","VETERAN_RIDER_GROUP","PUBLIC_ASSOCIATION_SOURCE","Combat Veteran Motorcycle Associations","Austin","TX","USA","Combat Veteran Motorcycle Associations Austin TX","","","","","","","","","","AWAITING_REAL_SOURCE_INPUT","NO_PLACEHOLDERS_NO_GENERATED_CONTACTS_NO_PRIVATE_PERSONAL_DATA"
"BD_SOURCE_IMPORT_ROW_000091","BD_REAL_DISCOVERY_000091","LAW_ENFORCEMENT_TRAINING","TRAINING_AUTHORITY","OFFICIAL_STATE_SOURCE","State POST Academies","Atlanta","GA","USA","State POST Academies Atlanta GA","","","","","","","","","","AWAITING_REAL_SOURCE_INPUT","NO_PLACEHOLDERS_NO_GENERATED_CONTACTS_NO_PRIVATE_PERSONAL_DATA"
"BD_SOURCE_IMPORT_ROW_000092","BD_REAL_DISCOVERY_000092","LAW_ENFORCEMENT_TRAINING","ASSOCIATION","OFFICIAL_ASSOCIATION_SOURCE","Sheriff Associations","Atlanta","GA","USA","Sheriff Associations Atlanta GA","","","","","","","","","","AWAITING_REAL_SOURCE_INPUT","NO_PLACEHOLDERS_NO_GENERATED_CONTACTS_NO_PRIVATE_PERSONAL_DATA"
"BD_SOURCE_IMPORT_ROW_000093","BD_REAL_DISCOVERY_000093","LAW_ENFORCEMENT_TRAINING","CONFERENCE","PUBLIC_EVENT_SOURCE","Police Training Conferences","Atlanta","GA","USA","Police Training Conferences Atlanta GA","","","","","","","","","","AWAITING_REAL_SOURCE_INPUT","NO_PLACEHOLDERS_NO_GENERATED_CONTACTS_NO_PRIVATE_PERSONAL_DATA"
"BD_SOURCE_IMPORT_ROW_000094","BD_REAL_DISCOVERY_000094","MOTORCYCLE_COMMUNITY","DEALERSHIP","PUBLIC_BUSINESS_SOURCE","Motorcycle Dealerships","Atlanta","GA","USA","Motorcycle Dealerships Atlanta GA","","","","","","","","","","AWAITING_REAL_SOURCE_INPUT","NO_PLACEHOLDERS_NO_GENERATED_CONTACTS_NO_PRIVATE_PERSONAL_DATA"
"BD_SOURCE_IMPORT_ROW_000095","BD_REAL_DISCOVERY_000095","MOTORCYCLE_COMMUNITY","ASSOCIATION","PUBLIC_ASSOCIATION_SOURCE","Rider Associations","Atlanta","GA","USA","Rider Associations Atlanta GA","","","","","","","","","","AWAITING_REAL_SOURCE_INPUT","NO_PLACEHOLDERS_NO_GENERATED_CONTACTS_NO_PRIVATE_PERSONAL_DATA"
"BD_SOURCE_IMPORT_ROW_000096","BD_REAL_DISCOVERY_000096","MOTORCYCLE_COMMUNITY","EVENT_ORGANIZER","PUBLIC_EVENT_SOURCE","Motorcycle Rally Organizers","Atlanta","GA","USA","Motorcycle Rally Organizers Atlanta GA","","","","","","","","","","AWAITING_REAL_SOURCE_INPUT","NO_PLACEHOLDERS_NO_GENERATED_CONTACTS_NO_PRIVATE_PERSONAL_DATA"
"BD_SOURCE_IMPORT_ROW_000097","BD_REAL_DISCOVERY_000097","VETERAN_ECOSYSTEM","VETERAN_ORGANIZATION","PUBLIC_VETERAN_SOURCE","VFW Posts","Atlanta","GA","USA","VFW Posts Atlanta GA","","","","","","","","","","AWAITING_REAL_SOURCE_INPUT","NO_PLACEHOLDERS_NO_GENERATED_CONTACTS_NO_PRIVATE_PERSONAL_DATA"
"BD_SOURCE_IMPORT_ROW_000098","BD_REAL_DISCOVERY_000098","VETERAN_ECOSYSTEM","VETERAN_ORGANIZATION","PUBLIC_VETERAN_SOURCE","American Legion Posts","Atlanta","GA","USA","American Legion Posts Atlanta GA","","","","","","","","","","AWAITING_REAL_SOURCE_INPUT","NO_PLACEHOLDERS_NO_GENERATED_CONTACTS_NO_PRIVATE_PERSONAL_DATA"
"BD_SOURCE_IMPORT_ROW_000099","BD_REAL_DISCOVERY_000099","VETERAN_ECOSYSTEM","VETERAN_RIDER_GROUP","PUBLIC_ASSOCIATION_SOURCE","Combat Veteran Motorcycle Associations","Atlanta","GA","USA","Combat Veteran Motorcycle Associations Atlanta GA","","","","","","","","","","AWAITING_REAL_SOURCE_INPUT","NO_PLACEHOLDERS_NO_GENERATED_CONTACTS_NO_PRIVATE_PERSONAL_DATA"
"BD_SOURCE_IMPORT_ROW_000100","BD_REAL_DISCOVERY_000100","LAW_ENFORCEMENT_TRAINING","TRAINING_AUTHORITY","OFFICIAL_STATE_SOURCE","State POST Academies","Miami","FL","USA","State POST Academies Miami FL","","","","","","","","","","AWAITING_REAL_SOURCE_INPUT","NO_PLACEHOLDERS_NO_GENERATED_CONTACTS_NO_PRIVATE_PERSONAL_DATA"
"BD_SOURCE_IMPORT_ROW_000101","BD_REAL_DISCOVERY_000101","LAW_ENFORCEMENT_TRAINING","ASSOCIATION","OFFICIAL_ASSOCIATION_SOURCE","Sheriff Associations","Miami","FL","USA","Sheriff Associations Miami FL","","","","","","","","","","AWAITING_REAL_SOURCE_INPUT","NO_PLACEHOLDERS_NO_GENERATED_CONTACTS_NO_PRIVATE_PERSONAL_DATA"
"BD_SOURCE_IMPORT_ROW_000102","BD_REAL_DISCOVERY_000102","LAW_ENFORCEMENT_TRAINING","CONFERENCE","PUBLIC_EVENT_SOURCE","Police Training Conferences","Miami","FL","USA","Police Training Conferences Miami FL","","","","","","","","","","AWAITING_REAL_SOURCE_INPUT","NO_PLACEHOLDERS_NO_GENERATED_CONTACTS_NO_PRIVATE_PERSONAL_DATA"
"BD_SOURCE_IMPORT_ROW_000103","BD_REAL_DISCOVERY_000103","MOTORCYCLE_COMMUNITY","DEALERSHIP","PUBLIC_BUSINESS_SOURCE","Motorcycle Dealerships","Miami","FL","USA","Motorcycle Dealerships Miami FL","","","","","","","","","","AWAITING_REAL_SOURCE_INPUT","NO_PLACEHOLDERS_NO_GENERATED_CONTACTS_NO_PRIVATE_PERSONAL_DATA"
"BD_SOURCE_IMPORT_ROW_000104","BD_REAL_DISCOVERY_000104","MOTORCYCLE_COMMUNITY","ASSOCIATION","PUBLIC_ASSOCIATION_SOURCE","Rider Associations","Miami","FL","USA","Rider Associations Miami FL","","","","","","","","","","AWAITING_REAL_SOURCE_INPUT","NO_PLACEHOLDERS_NO_GENERATED_CONTACTS_NO_PRIVATE_PERSONAL_DATA"
"BD_SOURCE_IMPORT_ROW_000105","BD_REAL_DISCOVERY_000105","MOTORCYCLE_COMMUNITY","EVENT_ORGANIZER","PUBLIC_EVENT_SOURCE","Motorcycle Rally Organizers","Miami","FL","USA","Motorcycle Rally Organizers Miami FL","","","","","","","","","","AWAITING_REAL_SOURCE_INPUT","NO_PLACEHOLDERS_NO_GENERATED_CONTACTS_NO_PRIVATE_PERSONAL_DATA"
"BD_SOURCE_IMPORT_ROW_000106","BD_REAL_DISCOVERY_000106","VETERAN_ECOSYSTEM","VETERAN_ORGANIZATION","PUBLIC_VETERAN_SOURCE","VFW Posts","Miami","FL","USA","VFW Posts Miami FL","","","","","","","","","","AWAITING_REAL_SOURCE_INPUT","NO_PLACEHOLDERS_NO_GENERATED_CONTACTS_NO_PRIVATE_PERSONAL_DATA"
"BD_SOURCE_IMPORT_ROW_000107","BD_REAL_DISCOVERY_000107","VETERAN_ECOSYSTEM","VETERAN_ORGANIZATION","PUBLIC_VETERAN_SOURCE","American Legion Posts","Miami","FL","USA","American Legion Posts Miami FL","","","","","","","","","","AWAITING_REAL_SOURCE_INPUT","NO_PLACEHOLDERS_NO_GENERATED_CONTACTS_NO_PRIVATE_PERSONAL_DATA"
"BD_SOURCE_IMPORT_ROW_000108","BD_REAL_DISCOVERY_000108","VETERAN_ECOSYSTEM","VETERAN_RIDER_GROUP","PUBLIC_ASSOCIATION_SOURCE","Combat Veteran Motorcycle Associations","Miami","FL","USA","Combat Veteran Motorcycle Associations Miami FL","","","","","","","","","","AWAITING_REAL_SOURCE_INPUT","NO_PLACEHOLDERS_NO_GENERATED_CONTACTS_NO_PRIVATE_PERSONAL_DATA"
"BD_SOURCE_IMPORT_ROW_000109","BD_REAL_DISCOVERY_000109","LAW_ENFORCEMENT_TRAINING","TRAINING_AUTHORITY","OFFICIAL_STATE_SOURCE","State POST Academies","Denver","CO","USA","State POST Academies Denver CO","","","","","","","","","","AWAITING_REAL_SOURCE_INPUT","NO_PLACEHOLDERS_NO_GENERATED_CONTACTS_NO_PRIVATE_PERSONAL_DATA"
"BD_SOURCE_IMPORT_ROW_000110","BD_REAL_DISCOVERY_000110","LAW_ENFORCEMENT_TRAINING","ASSOCIATION","OFFICIAL_ASSOCIATION_SOURCE","Sheriff Associations","Denver","CO","USA","Sheriff Associations Denver CO","","","","","","","","","","AWAITING_REAL_SOURCE_INPUT","NO_PLACEHOLDERS_NO_GENERATED_CONTACTS_NO_PRIVATE_PERSONAL_DATA"
"BD_SOURCE_IMPORT_ROW_000111","BD_REAL_DISCOVERY_000111","LAW_ENFORCEMENT_TRAINING","CONFERENCE","PUBLIC_EVENT_SOURCE","Police Training Conferences","Denver","CO","USA","Police Training Conferences Denver CO","","","","","","","","","","AWAITING_REAL_SOURCE_INPUT","NO_PLACEHOLDERS_NO_GENERATED_CONTACTS_NO_PRIVATE_PERSONAL_DATA"
"BD_SOURCE_IMPORT_ROW_000112","BD_REAL_DISCOVERY_000112","MOTORCYCLE_COMMUNITY","DEALERSHIP","PUBLIC_BUSINESS_SOURCE","Motorcycle Dealerships","Denver","CO","USA","Motorcycle Dealerships Denver CO","","","","","","","","","","AWAITING_REAL_SOURCE_INPUT","NO_PLACEHOLDERS_NO_GENERATED_CONTACTS_NO_PRIVATE_PERSONAL_DATA"
"BD_SOURCE_IMPORT_ROW_000113","BD_REAL_DISCOVERY_000113","MOTORCYCLE_COMMUNITY","ASSOCIATION","PUBLIC_ASSOCIATION_SOURCE","Rider Associations","Denver","CO","USA","Rider Associations Denver CO","","","","","","","","","","AWAITING_REAL_SOURCE_INPUT","NO_PLACEHOLDERS_NO_GENERATED_CONTACTS_NO_PRIVATE_PERSONAL_DATA"
"BD_SOURCE_IMPORT_ROW_000114","BD_REAL_DISCOVERY_000114","MOTORCYCLE_COMMUNITY","EVENT_ORGANIZER","PUBLIC_EVENT_SOURCE","Motorcycle Rally Organizers","Denver","CO","USA","Motorcycle Rally Organizers Denver CO","","","","","","","","","","AWAITING_REAL_SOURCE_INPUT","NO_PLACEHOLDERS_NO_GENERATED_CONTACTS_NO_PRIVATE_PERSONAL_DATA"
"BD_SOURCE_IMPORT_ROW_000115","BD_REAL_DISCOVERY_000115","VETERAN_ECOSYSTEM","VETERAN_ORGANIZATION","PUBLIC_VETERAN_SOURCE","VFW Posts","Denver","CO","USA","VFW Posts Denver CO","","","","","","","","","","AWAITING_REAL_SOURCE_INPUT","NO_PLACEHOLDERS_NO_GENERATED_CONTACTS_NO_PRIVATE_PERSONAL_DATA"
"BD_SOURCE_IMPORT_ROW_000116","BD_REAL_DISCOVERY_000116","VETERAN_ECOSYSTEM","VETERAN_ORGANIZATION","PUBLIC_VETERAN_SOURCE","American Legion Posts","Denver","CO","USA","American Legion Posts Denver CO","","","","","","","","","","AWAITING_REAL_SOURCE_INPUT","NO_PLACEHOLDERS_NO_GENERATED_CONTACTS_NO_PRIVATE_PERSONAL_DATA"
"BD_SOURCE_IMPORT_ROW_000117","BD_REAL_DISCOVERY_000117","VETERAN_ECOSYSTEM","VETERAN_RIDER_GROUP","PUBLIC_ASSOCIATION_SOURCE","Combat Veteran Motorcycle Associations","Denver","CO","USA","Combat Veteran Motorcycle Associations Denver CO","","","","","","","","","","AWAITING_REAL_SOURCE_INPUT","NO_PLACEHOLDERS_NO_GENERATED_CONTACTS_NO_PRIVATE_PERSONAL_DATA"
"BD_SOURCE_IMPORT_ROW_000118","BD_REAL_DISCOVERY_000118","LAW_ENFORCEMENT_TRAINING","TRAINING_AUTHORITY","OFFICIAL_STATE_SOURCE","State POST Academies","Seattle","WA","USA","State POST Academies Seattle WA","","","","","","","","","","AWAITING_REAL_SOURCE_INPUT","NO_PLACEHOLDERS_NO_GENERATED_CONTACTS_NO_PRIVATE_PERSONAL_DATA"
"BD_SOURCE_IMPORT_ROW_000119","BD_REAL_DISCOVERY_000119","LAW_ENFORCEMENT_TRAINING","ASSOCIATION","OFFICIAL_ASSOCIATION_SOURCE","Sheriff Associations","Seattle","WA","USA","Sheriff Associations Seattle WA","","","","","","","","","","AWAITING_REAL_SOURCE_INPUT","NO_PLACEHOLDERS_NO_GENERATED_CONTACTS_NO_PRIVATE_PERSONAL_DATA"
"BD_SOURCE_IMPORT_ROW_000120","BD_REAL_DISCOVERY_000120","LAW_ENFORCEMENT_TRAINING","CONFERENCE","PUBLIC_EVENT_SOURCE","Police Training Conferences","Seattle","WA","USA","Police Training Conferences Seattle WA","","","","","","","","","","AWAITING_REAL_SOURCE_INPUT","NO_PLACEHOLDERS_NO_GENERATED_CONTACTS_NO_PRIVATE_PERSONAL_DATA"
"BD_SOURCE_IMPORT_ROW_000121","BD_REAL_DISCOVERY_000121","MOTORCYCLE_COMMUNITY","DEALERSHIP","PUBLIC_BUSINESS_SOURCE","Motorcycle Dealerships","Seattle","WA","USA","Motorcycle Dealerships Seattle WA","","","","","","","","","","AWAITING_REAL_SOURCE_INPUT","NO_PLACEHOLDERS_NO_GENERATED_CONTACTS_NO_PRIVATE_PERSONAL_DATA"
"BD_SOURCE_IMPORT_ROW_000122","BD_REAL_DISCOVERY_000122","MOTORCYCLE_COMMUNITY","ASSOCIATION","PUBLIC_ASSOCIATION_SOURCE","Rider Associations","Seattle","WA","USA","Rider Associations Seattle WA","","","","","","","","","","AWAITING_REAL_SOURCE_INPUT","NO_PLACEHOLDERS_NO_GENERATED_CONTACTS_NO_PRIVATE_PERSONAL_DATA"
"BD_SOURCE_IMPORT_ROW_000123","BD_REAL_DISCOVERY_000123","MOTORCYCLE_COMMUNITY","EVENT_ORGANIZER","PUBLIC_EVENT_SOURCE","Motorcycle Rally Organizers","Seattle","WA","USA","Motorcycle Rally Organizers Seattle WA","","","","","","","","","","AWAITING_REAL_SOURCE_INPUT","NO_PLACEHOLDERS_NO_GENERATED_CONTACTS_NO_PRIVATE_PERSONAL_DATA"
"BD_SOURCE_IMPORT_ROW_000124","BD_REAL_DISCOVERY_000124","VETERAN_ECOSYSTEM","VETERAN_ORGANIZATION","PUBLIC_VETERAN_SOURCE","VFW Posts","Seattle","WA","USA","VFW Posts Seattle WA","","","","","","","","","","AWAITING_REAL_SOURCE_INPUT","NO_PLACEHOLDERS_NO_GENERATED_CONTACTS_NO_PRIVATE_PERSONAL_DATA"
"BD_SOURCE_IMPORT_ROW_000125","BD_REAL_DISCOVERY_000125","VETERAN_ECOSYSTEM","VETERAN_ORGANIZATION","PUBLIC_VETERAN_SOURCE","American Legion Posts","Seattle","WA","USA","American Legion Posts Seattle WA","","","","","","","","","","AWAITING_REAL_SOURCE_INPUT","NO_PLACEHOLDERS_NO_GENERATED_CONTACTS_NO_PRIVATE_PERSONAL_DATA"
"BD_SOURCE_IMPORT_ROW_000126","BD_REAL_DISCOVERY_000126","VETERAN_ECOSYSTEM","VETERAN_RIDER_GROUP","PUBLIC_ASSOCIATION_SOURCE","Combat Veteran Motorcycle Associations","Seattle","WA","USA","Combat Veteran Motorcycle Associations Seattle WA","","","","","","","","","","AWAITING_REAL_SOURCE_INPUT","NO_PLACEHOLDERS_NO_GENERATED_CONTACTS_NO_PRIVATE_PERSONAL_DATA"
"BD_SOURCE_IMPORT_ROW_000127","BD_REAL_DISCOVERY_000127","LAW_ENFORCEMENT_TRAINING","TRAINING_AUTHORITY","OFFICIAL_STATE_SOURCE","State POST Academies","Las Vegas","NV","USA","State POST Academies Las Vegas NV","","","","","","","","","","AWAITING_REAL_SOURCE_INPUT","NO_PLACEHOLDERS_NO_GENERATED_CONTACTS_NO_PRIVATE_PERSONAL_DATA"
"BD_SOURCE_IMPORT_ROW_000128","BD_REAL_DISCOVERY_000128","LAW_ENFORCEMENT_TRAINING","ASSOCIATION","OFFICIAL_ASSOCIATION_SOURCE","Sheriff Associations","Las Vegas","NV","USA","Sheriff Associations Las Vegas NV","","","","","","","","","","AWAITING_REAL_SOURCE_INPUT","NO_PLACEHOLDERS_NO_GENERATED_CONTACTS_NO_PRIVATE_PERSONAL_DATA"
"BD_SOURCE_IMPORT_ROW_000129","BD_REAL_DISCOVERY_000129","LAW_ENFORCEMENT_TRAINING","CONFERENCE","PUBLIC_EVENT_SOURCE","Police Training Conferences","Las Vegas","NV","USA","Police Training Conferences Las Vegas NV","","","","","","","","","","AWAITING_REAL_SOURCE_INPUT","NO_PLACEHOLDERS_NO_GENERATED_CONTACTS_NO_PRIVATE_PERSONAL_DATA"
"BD_SOURCE_IMPORT_ROW_000130","BD_REAL_DISCOVERY_000130","MOTORCYCLE_COMMUNITY","DEALERSHIP","PUBLIC_BUSINESS_SOURCE","Motorcycle Dealerships","Las Vegas","NV","USA","Motorcycle Dealerships Las Vegas NV","","","","","","","","","","AWAITING_REAL_SOURCE_INPUT","NO_PLACEHOLDERS_NO_GENERATED_CONTACTS_NO_PRIVATE_PERSONAL_DATA"
"BD_SOURCE_IMPORT_ROW_000131","BD_REAL_DISCOVERY_000131","MOTORCYCLE_COMMUNITY","ASSOCIATION","PUBLIC_ASSOCIATION_SOURCE","Rider Associations","Las Vegas","NV","USA","Rider Associations Las Vegas NV","","","","","","","","","","AWAITING_REAL_SOURCE_INPUT","NO_PLACEHOLDERS_NO_GENERATED_CONTACTS_NO_PRIVATE_PERSONAL_DATA"
"BD_SOURCE_IMPORT_ROW_000132","BD_REAL_DISCOVERY_000132","MOTORCYCLE_COMMUNITY","EVENT_ORGANIZER","PUBLIC_EVENT_SOURCE","Motorcycle Rally Organizers","Las Vegas","NV","USA","Motorcycle Rally Organizers Las Vegas NV","","","","","","","","","","AWAITING_REAL_SOURCE_INPUT","NO_PLACEHOLDERS_NO_GENERATED_CONTACTS_NO_PRIVATE_PERSONAL_DATA"
"BD_SOURCE_IMPORT_ROW_000133","BD_REAL_DISCOVERY_000133","VETERAN_ECOSYSTEM","VETERAN_ORGANIZATION","PUBLIC_VETERAN_SOURCE","VFW Posts","Las Vegas","NV","USA","VFW Posts Las Vegas NV","","","","","","","","","","AWAITING_REAL_SOURCE_INPUT","NO_PLACEHOLDERS_NO_GENERATED_CONTACTS_NO_PRIVATE_PERSONAL_DATA"
"BD_SOURCE_IMPORT_ROW_000134","BD_REAL_DISCOVERY_000134","VETERAN_ECOSYSTEM","VETERAN_ORGANIZATION","PUBLIC_VETERAN_SOURCE","American Legion Posts","Las Vegas","NV","USA","American Legion Posts Las Vegas NV","","","","","","","","","","AWAITING_REAL_SOURCE_INPUT","NO_PLACEHOLDERS_NO_GENERATED_CONTACTS_NO_PRIVATE_PERSONAL_DATA"
"BD_SOURCE_IMPORT_ROW_000135","BD_REAL_DISCOVERY_000135","VETERAN_ECOSYSTEM","VETERAN_RIDER_GROUP","PUBLIC_ASSOCIATION_SOURCE","Combat Veteran Motorcycle Associations","Las Vegas","NV","USA","Combat Veteran Motorcycle Associations Las Vegas NV","","","","","","","","","","AWAITING_REAL_SOURCE_INPUT","NO_PLACEHOLDERS_NO_GENERATED_CONTACTS_NO_PRIVATE_PERSONAL_DATA"
"BD_SOURCE_IMPORT_ROW_000136","BD_REAL_DISCOVERY_000136","LAW_ENFORCEMENT_TRAINING","TRAINING_AUTHORITY","OFFICIAL_STATE_SOURCE","State POST Academies","Portland","OR","USA","State POST Academies Portland OR","","","","","","","","","","AWAITING_REAL_SOURCE_INPUT","NO_PLACEHOLDERS_NO_GENERATED_CONTACTS_NO_PRIVATE_PERSONAL_DATA"
"BD_SOURCE_IMPORT_ROW_000137","BD_REAL_DISCOVERY_000137","LAW_ENFORCEMENT_TRAINING","ASSOCIATION","OFFICIAL_ASSOCIATION_SOURCE","Sheriff Associations","Portland","OR","USA","Sheriff Associations Portland OR","","","","","","","","","","AWAITING_REAL_SOURCE_INPUT","NO_PLACEHOLDERS_NO_GENERATED_CONTACTS_NO_PRIVATE_PERSONAL_DATA"
"BD_SOURCE_IMPORT_ROW_000138","BD_REAL_DISCOVERY_000138","LAW_ENFORCEMENT_TRAINING","CONFERENCE","PUBLIC_EVENT_SOURCE","Police Training Conferences","Portland","OR","USA","Police Training Conferences Portland OR","","","","","","","","","","AWAITING_REAL_SOURCE_INPUT","NO_PLACEHOLDERS_NO_GENERATED_CONTACTS_NO_PRIVATE_PERSONAL_DATA"
"BD_SOURCE_IMPORT_ROW_000139","BD_REAL_DISCOVERY_000139","MOTORCYCLE_COMMUNITY","DEALERSHIP","PUBLIC_BUSINESS_SOURCE","Motorcycle Dealerships","Portland","OR","USA","Motorcycle Dealerships Portland OR","","","","","","","","","","AWAITING_REAL_SOURCE_INPUT","NO_PLACEHOLDERS_NO_GENERATED_CONTACTS_NO_PRIVATE_PERSONAL_DATA"
"BD_SOURCE_IMPORT_ROW_000140","BD_REAL_DISCOVERY_000140","MOTORCYCLE_COMMUNITY","ASSOCIATION","PUBLIC_ASSOCIATION_SOURCE","Rider Associations","Portland","OR","USA","Rider Associations Portland OR","","","","","","","","","","AWAITING_REAL_SOURCE_INPUT","NO_PLACEHOLDERS_NO_GENERATED_CONTACTS_NO_PRIVATE_PERSONAL_DATA"
"BD_SOURCE_IMPORT_ROW_000141","BD_REAL_DISCOVERY_000141","MOTORCYCLE_COMMUNITY","EVENT_ORGANIZER","PUBLIC_EVENT_SOURCE","Motorcycle Rally Organizers","Portland","OR","USA","Motorcycle Rally Organizers Portland OR","","","","","","","","","","AWAITING_REAL_SOURCE_INPUT","NO_PLACEHOLDERS_NO_GENERATED_CONTACTS_NO_PRIVATE_PERSONAL_DATA"
"BD_SOURCE_IMPORT_ROW_000142","BD_REAL_DISCOVERY_000142","VETERAN_ECOSYSTEM","VETERAN_ORGANIZATION","PUBLIC_VETERAN_SOURCE","VFW Posts","Portland","OR","USA","VFW Posts Portland OR","","","","","","","","","","AWAITING_REAL_SOURCE_INPUT","NO_PLACEHOLDERS_NO_GENERATED_CONTACTS_NO_PRIVATE_PERSONAL_DATA"
"BD_SOURCE_IMPORT_ROW_000143","BD_REAL_DISCOVERY_000143","VETERAN_ECOSYSTEM","VETERAN_ORGANIZATION","PUBLIC_VETERAN_SOURCE","American Legion Posts","Portland","OR","USA","American Legion Posts Portland OR","","","","","","","","","","AWAITING_REAL_SOURCE_INPUT","NO_PLACEHOLDERS_NO_GENERATED_CONTACTS_NO_PRIVATE_PERSONAL_DATA"
"BD_SOURCE_IMPORT_ROW_000144","BD_REAL_DISCOVERY_000144","VETERAN_ECOSYSTEM","VETERAN_RIDER_GROUP","PUBLIC_ASSOCIATION_SOURCE","Combat Veteran Motorcycle Associations","Portland","OR","USA","Combat Veteran Motorcycle Associations Portland OR","","","","","","","","","","AWAITING_REAL_SOURCE_INPUT","NO_PLACEHOLDERS_NO_GENERATED_CONTACTS_NO_PRIVATE_PERSONAL_DATA"
"BD_SOURCE_IMPORT_ROW_000145","BD_REAL_DISCOVERY_000145","LAW_ENFORCEMENT_TRAINING","TRAINING_AUTHORITY","OFFICIAL_STATE_SOURCE","State POST Academies","Nashville","TN","USA","State POST Academies Nashville TN","","","","","","","","","","AWAITING_REAL_SOURCE_INPUT","NO_PLACEHOLDERS_NO_GENERATED_CONTACTS_NO_PRIVATE_PERSONAL_DATA"
"BD_SOURCE_IMPORT_ROW_000146","BD_REAL_DISCOVERY_000146","LAW_ENFORCEMENT_TRAINING","ASSOCIATION","OFFICIAL_ASSOCIATION_SOURCE","Sheriff Associations","Nashville","TN","USA","Sheriff Associations Nashville TN","","","","","","","","","","AWAITING_REAL_SOURCE_INPUT","NO_PLACEHOLDERS_NO_GENERATED_CONTACTS_NO_PRIVATE_PERSONAL_DATA"
"BD_SOURCE_IMPORT_ROW_000147","BD_REAL_DISCOVERY_000147","LAW_ENFORCEMENT_TRAINING","CONFERENCE","PUBLIC_EVENT_SOURCE","Police Training Conferences","Nashville","TN","USA","Police Training Conferences Nashville TN","","","","","","","","","","AWAITING_REAL_SOURCE_INPUT","NO_PLACEHOLDERS_NO_GENERATED_CONTACTS_NO_PRIVATE_PERSONAL_DATA"
"BD_SOURCE_IMPORT_ROW_000148","BD_REAL_DISCOVERY_000148","MOTORCYCLE_COMMUNITY","DEALERSHIP","PUBLIC_BUSINESS_SOURCE","Motorcycle Dealerships","Nashville","TN","USA","Motorcycle Dealerships Nashville TN","","","","","","","","","","AWAITING_REAL_SOURCE_INPUT","NO_PLACEHOLDERS_NO_GENERATED_CONTACTS_NO_PRIVATE_PERSONAL_DATA"
"BD_SOURCE_IMPORT_ROW_000149","BD_REAL_DISCOVERY_000149","MOTORCYCLE_COMMUNITY","ASSOCIATION","PUBLIC_ASSOCIATION_SOURCE","Rider Associations","Nashville","TN","USA","Rider Associations Nashville TN","","","","","","","","","","AWAITING_REAL_SOURCE_INPUT","NO_PLACEHOLDERS_NO_GENERATED_CONTACTS_NO_PRIVATE_PERSONAL_DATA"
"BD_SOURCE_IMPORT_ROW_000150","BD_REAL_DISCOVERY_000150","MOTORCYCLE_COMMUNITY","EVENT_ORGANIZER","PUBLIC_EVENT_SOURCE","Motorcycle Rally Organizers","Nashville","TN","USA","Motorcycle Rally Organizers Nashville TN","","","","","","","","","","AWAITING_REAL_SOURCE_INPUT","NO_PLACEHOLDERS_NO_GENERATED_CONTACTS_NO_PRIVATE_PERSONAL_DATA"
"BD_SOURCE_IMPORT_ROW_000151","BD_REAL_DISCOVERY_000151","VETERAN_ECOSYSTEM","VETERAN_ORGANIZATION","PUBLIC_VETERAN_SOURCE","VFW Posts","Nashville","TN","USA","VFW Posts Nashville TN","","","","","","","","","","AWAITING_REAL_SOURCE_INPUT","NO_PLACEHOLDERS_NO_GENERATED_CONTACTS_NO_PRIVATE_PERSONAL_DATA"
"BD_SOURCE_IMPORT_ROW_000152","BD_REAL_DISCOVERY_000152","VETERAN_ECOSYSTEM","VETERAN_ORGANIZATION","PUBLIC_VETERAN_SOURCE","American Legion Posts","Nashville","TN","USA","American Legion Posts Nashville TN","","","","","","","","","","AWAITING_REAL_SOURCE_INPUT","NO_PLACEHOLDERS_NO_GENERATED_CONTACTS_NO_PRIVATE_PERSONAL_DATA"
"BD_SOURCE_IMPORT_ROW_000153","BD_REAL_DISCOVERY_000153","VETERAN_ECOSYSTEM","VETERAN_RIDER_GROUP","PUBLIC_ASSOCIATION_SOURCE","Combat Veteran Motorcycle Associations","Nashville","TN","USA","Combat Veteran Motorcycle Associations Nashville TN","","","","","","","","","","AWAITING_REAL_SOURCE_INPUT","NO_PLACEHOLDERS_NO_GENERATED_CONTACTS_NO_PRIVATE_PERSONAL_DATA"
"BD_SOURCE_IMPORT_ROW_000154","BD_REAL_DISCOVERY_000154","LAW_ENFORCEMENT_TRAINING","TRAINING_AUTHORITY","OFFICIAL_STATE_SOURCE","State POST Academies","Charlotte","NC","USA","State POST Academies Charlotte NC","","","","","","","","","","AWAITING_REAL_SOURCE_INPUT","NO_PLACEHOLDERS_NO_GENERATED_CONTACTS_NO_PRIVATE_PERSONAL_DATA"
"BD_SOURCE_IMPORT_ROW_000155","BD_REAL_DISCOVERY_000155","LAW_ENFORCEMENT_TRAINING","ASSOCIATION","OFFICIAL_ASSOCIATION_SOURCE","Sheriff Associations","Charlotte","NC","USA","Sheriff Associations Charlotte NC","","","","","","","","","","AWAITING_REAL_SOURCE_INPUT","NO_PLACEHOLDERS_NO_GENERATED_CONTACTS_NO_PRIVATE_PERSONAL_DATA"
"BD_SOURCE_IMPORT_ROW_000156","BD_REAL_DISCOVERY_000156","LAW_ENFORCEMENT_TRAINING","CONFERENCE","PUBLIC_EVENT_SOURCE","Police Training Conferences","Charlotte","NC","USA","Police Training Conferences Charlotte NC","","","","","","","","","","AWAITING_REAL_SOURCE_INPUT","NO_PLACEHOLDERS_NO_GENERATED_CONTACTS_NO_PRIVATE_PERSONAL_DATA"
"BD_SOURCE_IMPORT_ROW_000157","BD_REAL_DISCOVERY_000157","MOTORCYCLE_COMMUNITY","DEALERSHIP","PUBLIC_BUSINESS_SOURCE","Motorcycle Dealerships","Charlotte","NC","USA","Motorcycle Dealerships Charlotte NC","","","","","","","","","","AWAITING_REAL_SOURCE_INPUT","NO_PLACEHOLDERS_NO_GENERATED_CONTACTS_NO_PRIVATE_PERSONAL_DATA"
"BD_SOURCE_IMPORT_ROW_000158","BD_REAL_DISCOVERY_000158","MOTORCYCLE_COMMUNITY","ASSOCIATION","PUBLIC_ASSOCIATION_SOURCE","Rider Associations","Charlotte","NC","USA","Rider Associations Charlotte NC","","","","","","","","","","AWAITING_REAL_SOURCE_INPUT","NO_PLACEHOLDERS_NO_GENERATED_CONTACTS_NO_PRIVATE_PERSONAL_DATA"
"BD_SOURCE_IMPORT_ROW_000159","BD_REAL_DISCOVERY_000159","MOTORCYCLE_COMMUNITY","EVENT_ORGANIZER","PUBLIC_EVENT_SOURCE","Motorcycle Rally Organizers","Charlotte","NC","USA","Motorcycle Rally Organizers Charlotte NC","","","","","","","","","","AWAITING_REAL_SOURCE_INPUT","NO_PLACEHOLDERS_NO_GENERATED_CONTACTS_NO_PRIVATE_PERSONAL_DATA"
"BD_SOURCE_IMPORT_ROW_000160","BD_REAL_DISCOVERY_000160","VETERAN_ECOSYSTEM","VETERAN_ORGANIZATION","PUBLIC_VETERAN_SOURCE","VFW Posts","Charlotte","NC","USA","VFW Posts Charlotte NC","","","","","","","","","","AWAITING_REAL_SOURCE_INPUT","NO_PLACEHOLDERS_NO_GENERATED_CONTACTS_NO_PRIVATE_PERSONAL_DATA"
"BD_SOURCE_IMPORT_ROW_000161","BD_REAL_DISCOVERY_000161","VETERAN_ECOSYSTEM","VETERAN_ORGANIZATION","PUBLIC_VETERAN_SOURCE","American Legion Posts","Charlotte","NC","USA","American Legion Posts Charlotte NC","","","","","","","","","","AWAITING_REAL_SOURCE_INPUT","NO_PLACEHOLDERS_NO_GENERATED_CONTACTS_NO_PRIVATE_PERSONAL_DATA"
"BD_SOURCE_IMPORT_ROW_000162","BD_REAL_DISCOVERY_000162","VETERAN_ECOSYSTEM","VETERAN_RIDER_GROUP","PUBLIC_ASSOCIATION_SOURCE","Combat Veteran Motorcycle Associations","Charlotte","NC","USA","Combat Veteran Motorcycle Associations Charlotte NC","","","","","","","","","","AWAITING_REAL_SOURCE_INPUT","NO_PLACEHOLDERS_NO_GENERATED_CONTACTS_NO_PRIVATE_PERSONAL_DATA"
"BD_SOURCE_IMPORT_ROW_000163","BD_REAL_DISCOVERY_000163","LAW_ENFORCEMENT_TRAINING","TRAINING_AUTHORITY","OFFICIAL_STATE_SOURCE","State POST Academies","Orlando","FL","USA","State POST Academies Orlando FL","","","","","","","","","","AWAITING_REAL_SOURCE_INPUT","NO_PLACEHOLDERS_NO_GENERATED_CONTACTS_NO_PRIVATE_PERSONAL_DATA"
"BD_SOURCE_IMPORT_ROW_000164","BD_REAL_DISCOVERY_000164","LAW_ENFORCEMENT_TRAINING","ASSOCIATION","OFFICIAL_ASSOCIATION_SOURCE","Sheriff Associations","Orlando","FL","USA","Sheriff Associations Orlando FL","","","","","","","","","","AWAITING_REAL_SOURCE_INPUT","NO_PLACEHOLDERS_NO_GENERATED_CONTACTS_NO_PRIVATE_PERSONAL_DATA"
"BD_SOURCE_IMPORT_ROW_000165","BD_REAL_DISCOVERY_000165","LAW_ENFORCEMENT_TRAINING","CONFERENCE","PUBLIC_EVENT_SOURCE","Police Training Conferences","Orlando","FL","USA","Police Training Conferences Orlando FL","","","","","","","","","","AWAITING_REAL_SOURCE_INPUT","NO_PLACEHOLDERS_NO_GENERATED_CONTACTS_NO_PRIVATE_PERSONAL_DATA"
"BD_SOURCE_IMPORT_ROW_000166","BD_REAL_DISCOVERY_000166","MOTORCYCLE_COMMUNITY","DEALERSHIP","PUBLIC_BUSINESS_SOURCE","Motorcycle Dealerships","Orlando","FL","USA","Motorcycle Dealerships Orlando FL","","","","","","","","","","AWAITING_REAL_SOURCE_INPUT","NO_PLACEHOLDERS_NO_GENERATED_CONTACTS_NO_PRIVATE_PERSONAL_DATA"
"BD_SOURCE_IMPORT_ROW_000167","BD_REAL_DISCOVERY_000167","MOTORCYCLE_COMMUNITY","ASSOCIATION","PUBLIC_ASSOCIATION_SOURCE","Rider Associations","Orlando","FL","USA","Rider Associations Orlando FL","","","","","","","","","","AWAITING_REAL_SOURCE_INPUT","NO_PLACEHOLDERS_NO_GENERATED_CONTACTS_NO_PRIVATE_PERSONAL_DATA"
"BD_SOURCE_IMPORT_ROW_000168","BD_REAL_DISCOVERY_000168","MOTORCYCLE_COMMUNITY","EVENT_ORGANIZER","PUBLIC_EVENT_SOURCE","Motorcycle Rally Organizers","Orlando","FL","USA","Motorcycle Rally Organizers Orlando FL","","","","","","","","","","AWAITING_REAL_SOURCE_INPUT","NO_PLACEHOLDERS_NO_GENERATED_CONTACTS_NO_PRIVATE_PERSONAL_DATA"
"BD_SOURCE_IMPORT_ROW_000169","BD_REAL_DISCOVERY_000169","VETERAN_ECOSYSTEM","VETERAN_ORGANIZATION","PUBLIC_VETERAN_SOURCE","VFW Posts","Orlando","FL","USA","VFW Posts Orlando FL","","","","","","","","","","AWAITING_REAL_SOURCE_INPUT","NO_PLACEHOLDERS_NO_GENERATED_CONTACTS_NO_PRIVATE_PERSONAL_DATA"
"BD_SOURCE_IMPORT_ROW_000170","BD_REAL_DISCOVERY_000170","VETERAN_ECOSYSTEM","VETERAN_ORGANIZATION","PUBLIC_VETERAN_SOURCE","American Legion Posts","Orlando","FL","USA","American Legion Posts Orlando FL","","","","","","","","","","AWAITING_REAL_SOURCE_INPUT","NO_PLACEHOLDERS_NO_GENERATED_CONTACTS_NO_PRIVATE_PERSONAL_DATA"
"BD_SOURCE_IMPORT_ROW_000171","BD_REAL_DISCOVERY_000171","VETERAN_ECOSYSTEM","VETERAN_RIDER_GROUP","PUBLIC_ASSOCIATION_SOURCE","Combat Veteran Motorcycle Associations","Orlando","FL","USA","Combat Veteran Motorcycle Associations Orlando FL","","","","","","","","","","AWAITING_REAL_SOURCE_INPUT","NO_PLACEHOLDERS_NO_GENERATED_CONTACTS_NO_PRIVATE_PERSONAL_DATA"
"BD_SOURCE_IMPORT_ROW_000172","BD_REAL_DISCOVERY_000172","LAW_ENFORCEMENT_TRAINING","TRAINING_AUTHORITY","OFFICIAL_STATE_SOURCE","State POST Academies","Detroit","MI","USA","State POST Academies Detroit MI","","","","","","","","","","AWAITING_REAL_SOURCE_INPUT","NO_PLACEHOLDERS_NO_GENERATED_CONTACTS_NO_PRIVATE_PERSONAL_DATA"
"BD_SOURCE_IMPORT_ROW_000173","BD_REAL_DISCOVERY_000173","LAW_ENFORCEMENT_TRAINING","ASSOCIATION","OFFICIAL_ASSOCIATION_SOURCE","Sheriff Associations","Detroit","MI","USA","Sheriff Associations Detroit MI","","","","","","","","","","AWAITING_REAL_SOURCE_INPUT","NO_PLACEHOLDERS_NO_GENERATED_CONTACTS_NO_PRIVATE_PERSONAL_DATA"
"BD_SOURCE_IMPORT_ROW_000174","BD_REAL_DISCOVERY_000174","LAW_ENFORCEMENT_TRAINING","CONFERENCE","PUBLIC_EVENT_SOURCE","Police Training Conferences","Detroit","MI","USA","Police Training Conferences Detroit MI","","","","","","","","","","AWAITING_REAL_SOURCE_INPUT","NO_PLACEHOLDERS_NO_GENERATED_CONTACTS_NO_PRIVATE_PERSONAL_DATA"
"BD_SOURCE_IMPORT_ROW_000175","BD_REAL_DISCOVERY_000175","MOTORCYCLE_COMMUNITY","DEALERSHIP","PUBLIC_BUSINESS_SOURCE","Motorcycle Dealerships","Detroit","MI","USA","Motorcycle Dealerships Detroit MI","","","","","","","","","","AWAITING_REAL_SOURCE_INPUT","NO_PLACEHOLDERS_NO_GENERATED_CONTACTS_NO_PRIVATE_PERSONAL_DATA"
"BD_SOURCE_IMPORT_ROW_000176","BD_REAL_DISCOVERY_000176","MOTORCYCLE_COMMUNITY","ASSOCIATION","PUBLIC_ASSOCIATION_SOURCE","Rider Associations","Detroit","MI","USA","Rider Associations Detroit MI","","","","","","","","","","AWAITING_REAL_SOURCE_INPUT","NO_PLACEHOLDERS_NO_GENERATED_CONTACTS_NO_PRIVATE_PERSONAL_DATA"
"BD_SOURCE_IMPORT_ROW_000177","BD_REAL_DISCOVERY_000177","MOTORCYCLE_COMMUNITY","EVENT_ORGANIZER","PUBLIC_EVENT_SOURCE","Motorcycle Rally Organizers","Detroit","MI","USA","Motorcycle Rally Organizers Detroit MI","","","","","","","","","","AWAITING_REAL_SOURCE_INPUT","NO_PLACEHOLDERS_NO_GENERATED_CONTACTS_NO_PRIVATE_PERSONAL_DATA"
"BD_SOURCE_IMPORT_ROW_000178","BD_REAL_DISCOVERY_000178","VETERAN_ECOSYSTEM","VETERAN_ORGANIZATION","PUBLIC_VETERAN_SOURCE","VFW Posts","Detroit","MI","USA","VFW Posts Detroit MI","","","","","","","","","","AWAITING_REAL_SOURCE_INPUT","NO_PLACEHOLDERS_NO_GENERATED_CONTACTS_NO_PRIVATE_PERSONAL_DATA"
"BD_SOURCE_IMPORT_ROW_000179","BD_REAL_DISCOVERY_000179","VETERAN_ECOSYSTEM","VETERAN_ORGANIZATION","PUBLIC_VETERAN_SOURCE","American Legion Posts","Detroit","MI","USA","American Legion Posts Detroit MI","","","","","","","","","","AWAITING_REAL_SOURCE_INPUT","NO_PLACEHOLDERS_NO_GENERATED_CONTACTS_NO_PRIVATE_PERSONAL_DATA"
"BD_SOURCE_IMPORT_ROW_000180","BD_REAL_DISCOVERY_000180","VETERAN_ECOSYSTEM","VETERAN_RIDER_GROUP","PUBLIC_ASSOCIATION_SOURCE","Combat Veteran Motorcycle Associations","Detroit","MI","USA","Combat Veteran Motorcycle Associations Detroit MI","","","","","","","","","","AWAITING_REAL_SOURCE_INPUT","NO_PLACEHOLDERS_NO_GENERATED_CONTACTS_NO_PRIVATE_PERSONAL_DATA"