"Path","LineNumber","Line"
"C:\Dev\Nexus_MASTER\scripts\intelligence\build_entity_deduplication_engine.js","4","const IN = ""public/data/intelligence/outputs/unified_entity_fusion_output.json"";"
"C:\Dev\Nexus_MASTER\scripts\intelligence\build_entity_deduplication_engine.js","5","const OUT = ""public/data/intelligence/outputs/entity_deduplication_output.json"";"
"C:\Dev\Nexus_MASTER\scripts\intelligence\build_first_5_layer_operational_audit.js","7","  ""public/data/intelligence/outputs/entity_deduplication_output.json"","
"C:\Dev\Nexus_MASTER\scripts\intelligence\build_first_5_layer_operational_audit.js","8","  ""public/data/intelligence/outputs/unified_entity_intelligence_index.json"","
"C:\Dev\Nexus_MASTER\scripts\intelligence\build_first_5_layer_operational_audit.js","9","  ""public/data/intelligence/outputs/unified_score_aggregation.json"","
"C:\Dev\Nexus_MASTER\scripts\intelligence\build_first_5_layer_operational_audit.js","10","  ""public/data/intelligence/outputs/unified_dossier_synthesis.json"","
"C:\Dev\Nexus_MASTER\scripts\intelligence\build_first_5_layer_operational_audit.js","12","  ""public/data/intelligence/outputs/L10_outreach_readiness_synthesis.json"","
"C:\Dev\Nexus_MASTER\scripts\intelligence\build_first_5_layer_operational_audit.js","13","  ""public/data/intelligence/outputs/L12_relationship_strength_scoring.json"""
"C:\Dev\Nexus_MASTER\scripts\intelligence\build_intelligence_execution_audit.js","9","  ""public/data/intelligence/outputs/unified_normalized_output_shell.json"","
"C:\Dev\Nexus_MASTER\scripts\intelligence\build_L10_communication_confidence_weighting.js","108","        source_file: ""public/data/intelligence/outputs/L10_contact_score_refinement.json"","
"C:\Dev\Nexus_MASTER\scripts\intelligence\build_L10_contact_freshness_weighting.js","3","const L10 = ""public/data/intelligence/outputs/L10_COMMUNICATION_INTELLIGENCE.normalized.json"";"
"C:\Dev\Nexus_MASTER\scripts\intelligence\build_L10_contact_freshness_weighting.js","4","const OUT = ""public/data/intelligence/outputs/L10_contact_freshness_weighting.json"";"
"C:\Dev\Nexus_MASTER\scripts\intelligence\build_L10_fallback_route_scoring.js","9","""public/data/intelligence/outputs/L10_contact_score_refinement.json"");"
"C:\Dev\Nexus_MASTER\scripts\intelligence\build_L10_fallback_route_scoring.js","13","""public/data/intelligence/outputs/L10_communication_confidence_weighting.json"");"
"C:\Dev\Nexus_MASTER\scripts\intelligence\build_L10_fallback_route_scoring.js","17","""public/data/intelligence/outputs/L10_fallback_route_scoring.json"");"
"C:\Dev\Nexus_MASTER\scripts\intelligence\build_L10_outreach_readiness_synthesis.js","3","const A = ""public/data/intelligence/outputs/L10_contact_score_refinement.json"";"
"C:\Dev\Nexus_MASTER\scripts\intelligence\build_L10_outreach_readiness_synthesis.js","4","const B = ""public/data/intelligence/outputs/L10_communication_confidence_weighting.json"";"
"C:\Dev\Nexus_MASTER\scripts\intelligence\build_L10_outreach_readiness_synthesis.js","5","const C = ""public/data/intelligence/outputs/L10_fallback_route_scoring.json"";"
"C:\Dev\Nexus_MASTER\scripts\intelligence\build_L10_outreach_readiness_synthesis.js","6","const D = ""public/data/intelligence/outputs/L10_contact_freshness_weighting.json"";"
"C:\Dev\Nexus_MASTER\scripts\intelligence\build_L10_outreach_readiness_synthesis.js","8","const OUT = ""public/data/intelligence/outputs/L10_outreach_readiness_synthesis.json"";"
"C:\Dev\Nexus_MASTER\scripts\intelligence\build_L12_engagement_state_scoring.js","3","const L12 = ""public/data/intelligence/outputs/L12_ENGAGEMENT_RESPONSE.normalized.json"";"
"C:\Dev\Nexus_MASTER\scripts\intelligence\build_L12_engagement_state_scoring.js","4","const OUT = ""public/data/intelligence/outputs/L12_engagement_state_scoring.json"";"
"C:\Dev\Nexus_MASTER\scripts\intelligence\build_L12_follow_up_prioritization.js","3","const A = ""public/data/intelligence/outputs/L12_engagement_state_scoring.json"";"
"C:\Dev\Nexus_MASTER\scripts\intelligence\build_L12_follow_up_prioritization.js","4","const B = ""public/data/intelligence/outputs/L12_response_quality_weighting.json"";"
"C:\Dev\Nexus_MASTER\scripts\intelligence\build_L12_follow_up_prioritization.js","6","const OUT = ""public/data/intelligence/outputs/L12_follow_up_prioritization.json"";"
"C:\Dev\Nexus_MASTER\scripts\intelligence\build_L12_relationship_strength_scoring.js","3","const OUT = ""public/data/intelligence/outputs/L12_relationship_strength_scoring.json"";"
"C:\Dev\Nexus_MASTER\scripts\intelligence\build_L12_relationship_strength_scoring.js","4","const A = ""public/data/intelligence/outputs/L12_follow_up_prioritization.json"";"
"C:\Dev\Nexus_MASTER\scripts\intelligence\build_L12_response_quality_weighting.js","3","const L12 = ""public/data/intelligence/outputs/L12_ENGAGEMENT_RESPONSE.normalized.json"";"
"C:\Dev\Nexus_MASTER\scripts\intelligence\build_L12_response_quality_weighting.js","4","const OUT = ""public/data/intelligence/outputs/L12_response_quality_weighting.json"";"
"C:\Dev\Nexus_MASTER\scripts\intelligence\build_layer_output_manifest.js","34","    output_path: `public/data/intelligence/outputs/${layer_id}.normalized.json`,"
"C:\Dev\Nexus_MASTER\scripts\intelligence\build_live_connector_implementation_audit.js","7","  ""public/data/intelligence/outputs/L03_LOCAL_AGENCY_INTELLIGENCE.normalized.json"","
"C:\Dev\Nexus_MASTER\scripts\intelligence\build_live_connector_implementation_audit.js","8","  ""public/data/intelligence/outputs/L10_COMMUNICATION_INTELLIGENCE.normalized.json"","
"C:\Dev\Nexus_MASTER\scripts\intelligence\build_live_connector_implementation_audit.js","9","  ""public/data/intelligence/outputs/L12_ENGAGEMENT_RESPONSE.normalized.json"","
"C:\Dev\Nexus_MASTER\scripts\intelligence\build_live_connector_implementation_audit.js","10","  ""public/data/intelligence/outputs/unified_entity_fusion_output.json"""
"C:\Dev\Nexus_MASTER\scripts\intelligence\build_live_connector_implementation_registry.js","31","    output_path: `public/data/intelligence/outputs/${layer_id}.normalized.json`"
"C:\Dev\Nexus_MASTER\scripts\intelligence\build_live_runtime_fusion_audit.js","10","  ""public/data/intelligence/outputs/unified_entity_fusion_output.json"""
"C:\Dev\Nexus_MASTER\scripts\intelligence\build_runtime_entity_cache.js","4","const INDEX = ""public/data/intelligence/outputs/unified_entity_intelligence_index.json"";"
"C:\Dev\Nexus_MASTER\scripts\intelligence\build_runtime_entity_cache.js","5","const SCORES = ""public/data/intelligence/outputs/unified_score_aggregation.json"";"
"C:\Dev\Nexus_MASTER\scripts\intelligence\build_runtime_handoff_manifest.js","13","      path: ""public/data/intelligence/outputs/unified_normalized_output_shell.json"","
"C:\Dev\Nexus_MASTER\scripts\intelligence\build_source_refresh_execution_engine.js","22","    output_path: `public/data/intelligence/outputs/${job.layer_id}.normalized.json`"
"C:\Dev\Nexus_MASTER\scripts\intelligence\build_unified_dossier_synthesis_engine.js","4","const FUSION = ""public/data/intelligence/outputs/unified_entity_fusion_output.json"";"
"C:\Dev\Nexus_MASTER\scripts\intelligence\build_unified_dossier_synthesis_engine.js","5","const INDEX = ""public/data/intelligence/outputs/unified_entity_intelligence_index.json"";"
"C:\Dev\Nexus_MASTER\scripts\intelligence\build_unified_dossier_synthesis_engine.js","6","const SCORES = ""public/data/intelligence/outputs/unified_score_aggregation.json"";"
"C:\Dev\Nexus_MASTER\scripts\intelligence\build_unified_dossier_synthesis_engine.js","7","const OUT = ""public/data/intelligence/outputs/unified_dossier_synthesis.json"";"
"C:\Dev\Nexus_MASTER\scripts\intelligence\build_unified_entity_fusion_engine.js","5","const OUT = ""public/data/intelligence/outputs/unified_entity_fusion_output.json"";"
"C:\Dev\Nexus_MASTER\scripts\intelligence\build_unified_entity_intelligence_index.js","4","const DEDUPE = ""public/data/intelligence/outputs/entity_deduplication_output.json"";"
"C:\Dev\Nexus_MASTER\scripts\intelligence\build_unified_entity_intelligence_index.js","5","const FUSION = ""public/data/intelligence/outputs/unified_entity_fusion_output.json"";"
"C:\Dev\Nexus_MASTER\scripts\intelligence\build_unified_entity_intelligence_index.js","6","const OUT = ""public/data/intelligence/outputs/unified_entity_intelligence_index.json"";"
"C:\Dev\Nexus_MASTER\scripts\intelligence\build_unified_normalized_output_shell.js","6","const OUT = ""public/data/intelligence/outputs/unified_normalized_output_shell.json"";"
"C:\Dev\Nexus_MASTER\scripts\intelligence\build_unified_score_aggregation_engine.js","4","const FUSION = ""public/data/intelligence/outputs/unified_entity_fusion_output.json"";"
"C:\Dev\Nexus_MASTER\scripts\intelligence\build_unified_score_aggregation_engine.js","5","const INDEX = ""public/data/intelligence/outputs/unified_entity_intelligence_index.json"";"
"C:\Dev\Nexus_MASTER\scripts\intelligence\build_unified_score_aggregation_engine.js","6","const OUT = ""public/data/intelligence/outputs/unified_score_aggregation.json"";"
"C:\Dev\Nexus_MASTER\scripts\intelligence\connect_L03_local_agencies.js","5","const OUT = ""public/data/intelligence/outputs/L03_LOCAL_AGENCY_INTELLIGENCE.normalized.json"";"
"C:\Dev\Nexus_MASTER\scripts\intelligence\connect_L10_manual_verified_contacts.js","4","const OUT = ""public/data/intelligence/outputs/L10_COMMUNICATION_INTELLIGENCE.normalized.json"";"
"C:\Dev\Nexus_MASTER\scripts\intelligence\connect_L12_outreach_execution.js","5","const OUT = ""public/data/intelligence/outputs/L12_ENGAGEMENT_RESPONSE.normalized.json"";"
"C:\Dev\Nexus_MASTER\scripts\intelligence\normalize_black_dragon_verified_targets.js","6","const REGISTRY_PATH = path.join(ROOT, ""public/data/intelligence/outputs/normalization.registry.json"");"
"C:\Dev\Nexus_MASTER\scripts\intelligence\rebuild_live_unified_entity_fusion.js","4","const OUT = ""public/data/intelligence/outputs/unified_entity_fusion_output.json"";"
