"city_id","canonical_name","asset_hits","tile_hits","dossier_hits","node_hits","boundary_hits","has_assets"
"city_66635fc3","Akron, OH","0","0","0","0","0","False"
"city_756cb4ea","Albuquerque, NM","3","0","0","0","0","True"
"city_3c08e197","Allentown, PA","0","0","0","0","0","False"
"city_fd630896","Ann Arbor, MI","0","0","0","0","0","False"
"city_6cabf985","Arlington, TX","2","0","0","0","0","True"
"city_7eb25064","Atlanta, GA","33","0","1","2","0","True"
"city_e9054367","Aurora, CO","0","0","0","0","0","False"
"city_a324d561","Austin, TX","32","0","1","2","0","True"
"city_a7350aab","Baltimore, MD","3","0","0","0","0","True"
"city_c2cf7437","Bellevue, WA","0","0","0","0","0","False"
"city_668d0bd6","Bloomington, MN","0","0","0","0","0","False"
"city_29ef5eb4","Boise, ID","1","0","0","0","0","True"
"city_95b0c3ba","Boston, MA","2","0","0","0","0","True"
"city_9814694d","Bowling Green, KY","0","0","0","0","0","False"
"city_c4822ada","Broken Arrow, OK","0","0","0","0","0","False"
"city_46d49fea","Chandler, AZ","0","0","0","0","0","False"
"city_5090c3c6","Charlotte, NC","3","0","0","0","0","True"
"city_b7aea338","Chattanooga, TN","0","0","0","0","0","False"
"city_4c180874","Chicago, IL","3","0","0","0","0","True"
"city_1e856280","Cincinnati, OH","0","0","0","0","0","False"
"city_5cbb095a","Clarksville, TN","0","0","0","0","0","False"
"city_350fa856","Cleveland, OH","0","0","0","0","0","False"
"city_328b326a","Colorado Springs, CO","2","0","0","0","0","True"
"city_878f11ab","Columbia, MO","0","0","0","0","0","False"
"city_85e83faa","Columbus, OH","3","0","0","0","0","True"
"city_f8eaf382","Covington, KY","0","0","0","0","0","False"
"city_5abab5f6","Dallas, TX","3","0","0","0","0","True"
"city_39d61699","Denver, CO","3","0","0","0","0","True"
"city_6536761e","Detroit, MI","3","0","0","0","0","True"
"city_0b8ff86c","Duluth, MN","0","0","0","0","0","False"
"city_78ccf400","Durham, NC","0","0","0","0","0","False"
"city_0c5b904d","Edmond, OK","0","0","0","0","0","False"
"city_990961e3","El Paso, TX","2","0","0","0","0","True"
"city_46ea53ac","Erie, PA","1","0","0","0","0","True"
"city_eedb043f","Eugene, OR","3","0","0","0","0","True"
"city_9ba60036","Flint, MI","0","0","0","0","0","False"
"city_254d227a","Fort Collins, CO","0","0","0","0","0","False"
"city_47b59fac","Fort Worth, TX","2","0","0","0","0","True"
"city_c94decbe","Fresno, CA","2","0","0","0","0","True"
"city_5c4c1c64","Grand Rapids, MI","0","0","0","0","0","False"
"city_0e003b8d","Greensboro, NC","0","0","0","0","0","False"
"city_400670ba","Gresham, OR","0","0","0","0","0","False"
"city_fc1b220f","Henderson, NV","0","0","0","0","0","False"
"city_bf66ad64","Hillsboro, OR","0","0","0","0","0","False"
"city_0a922e63","Houston, TX","40","0","1","2","0","True"
"city_3fbbe606","Idaho Falls, ID","0","0","0","0","0","False"
"city_16a23f41","Independence, MO","0","0","0","0","0","False"
"city_1ae44e4f","Indianapolis, IN","3","0","0","0","0","True"
"city_7e936870","Jacksonville, FL","5","0","0","0","0","True"
"city_828fab47","Kansas City, MO","2","0","0","0","0","True"
"city_20eb3715","Knoxville, TN","0","0","0","0","0","False"
"city_1138b2d4","Lakewood, CO","0","0","0","0","0","False"
"city_b0cd67a6","Lansing, MI","0","0","0","0","0","False"
"city_fa4dd02c","Las Cruces, NM","0","0","0","0","0","False"
"city_f03b8f57","Las Vegas, NV","47","0","0","2","0","True"
"city_6509ecc5","Lexington, KY","0","0","0","0","0","False"
"city_0a31d438","Long Beach, CA","160","0","14","16","0","True"
"city_1f98af58","Los Angeles, CA","50","0","2","8","0","True"
"city_8e6f63cf","Louisville, KY","2","0","0","0","0","True"
"city_c79509a4","Memphis, TN","2","0","0","0","0","True"
"city_72c8b2f9","Meridian, ID","0","0","0","0","0","False"
"city_7d043dae","Mesa, AZ","48","0","2","8","0","True"
"city_53389926","Miami, FL","1081","1048","1","2","0","True"
"city_3fad7905","Milwaukee, WI","2","0","0","0","0","True"
"city_1fd1b37f","Minneapolis, MN","3","0","0","0","0","True"
"city_70af1d0e","Nampa, ID","0","0","0","0","0","False"
"city_154a8fe9","Nashville, TN","32","0","1","1","0","True"
"city_b5ad2562","New Orleans, LA","38","0","1","1","0","True"
"city_3d50f2fd","New York, NY","39","0","1","1","0","True"
"city_9e7d2fb8","Norman, OK","0","0","0","0","0","False"
"city_7662680f","North Las Vegas, NV","0","0","0","0","0","False"
"city_8f664c09","Oakland, CA","2","0","0","0","0","True"
"city_a2cbee70","Oklahoma City, OK","2","0","0","0","0","True"
"city_127606b4","Omaha, NE","3","0","0","0","0","True"
"city_1e4fcd97","Orem, UT","0","0","0","0","0","False"
"city_18d738e7","Orlando, FL","0","0","0","0","0","False"
"city_17fcb829","Owensboro, KY","0","0","0","0","0","False"
"city_01f3a5ed","Philadelphia, PA","3","0","0","0","0","True"
"city_8635d5db","Phoenix, AZ","49","0","2","8","0","True"
"city_49bcf5c9","Pittsburgh, PA","0","0","0","0","0","False"
"city_4ada292b","Pocatello, ID","0","0","0","0","0","False"
"city_ab77b2a8","Portland, OR","4","0","0","0","0","True"
"city_b0c51a5d","Provo, UT","0","0","0","0","0","False"
"city_16f77904","Raleigh, NC","2","0","0","0","0","True"
"city_b183167f","Reading, PA","0","0","0","0","0","False"
"city_f48df4c8","Reno, NV","0","0","0","0","0","False"
"city_5e423e03","Rio Rancho, NM","0","0","0","0","0","False"
"city_0d4f6d2f","Rochester, MN","0","0","0","0","0","False"
"city_e1fe8704","Roswell, NM","0","0","0","0","0","False"
"city_47748120","Sacramento, CA","2","0","0","0","0","True"
"city_b27a62e8","Salem, OR","0","0","0","0","0","False"
"city_9b7d017c","Salt Lake City, UT","0","0","0","0","0","False"
"city_c27d5d7f","San Antonio, TX","38","0","1","1","0","True"
"city_dd17b133","San Diego, CA","49","0","2","8","0","True"
"city_d2941d41","San Francisco, CA","2","0","0","0","0","True"
"city_759cd460","San Jose, CA","2","0","0","0","0","True"
"city_60b147f2","Santa Fe, NM","0","0","0","0","0","False"
"city_c1a02fde","Scottsdale, AZ","46","0","2","8","0","True"
"city_b7ea02a9","Seattle, WA","38","0","1","1","0","True"
"city_f7bb5b9c","Sparks, NV","0","0","0","0","0","False"
"city_852df262","Spokane, WA","0","0","0","0","0","False"
"city_82649311","Springfield, MO","0","0","0","0","0","False"
"city_2a5ba728","St Louis, MO","0","0","0","0","0","False"
"city_70207d8e","St Paul, MN","0","0","0","0","0","False"
"city_936f1437","St Petersburg, FL","0","0","0","0","0","False"
"city_ef557a57","Tacoma, WA","0","0","0","0","0","False"
"city_af6fd06c","Tampa, FL","2","0","0","0","0","True"
"city_4cbdb331","Toledo, OH","0","0","0","0","0","False"
"city_b903b4d0","Tucson, AZ","45","0","2","8","0","True"
"city_936b7d90","Tulsa, OK","2","0","0","0","0","True"
"city_82e75d40","Vancouver, WA","0","0","0","0","0","False"
"city_29cb8e76","Virginia Beach, VA","2","0","0","0","0","True"
"city_5fedc010","Washington, DC","3","0","0","0","0","True"
"city_c084361b","West Jordan, UT","0","0","0","0","0","False"
"city_b6773437","West Valley City, UT","0","0","0","0","0","False"
"city_763449ef","Winston-Salem, NC","0","0","0","0","0","False"
