"city_id","canonical_name","saturation_registered","scaffold_status","bounds_status","runtime_ready"
"city_66635fc3","Akron, OH","True","saturation_registered","pending_boundary_validation","True"
"city_756cb4ea","Albuquerque, NM","True","asset_scaffold_only","unverified_scaffold_from_entity_extent","False"
"city_3c08e197","Allentown, PA","True","saturation_registered","pending_boundary_validation","True"
"city_fd630896","Ann Arbor, MI","True","saturation_registered","pending_boundary_validation","True"
"city_6cabf985","Arlington, TX","True","asset_scaffold_only","unverified_scaffold_from_entity_extent","False"
"city_7eb25064","Atlanta, GA","True","asset_scaffold_only","unverified_scaffold_from_entity_extent","False"
"city_e9054367","Aurora, CO","True","saturation_registered","pending_boundary_validation","True"
"city_a324d561","Austin, TX","True","asset_scaffold_only","unverified_scaffold_from_entity_extent","False"
"city_a7350aab","Baltimore, MD","True","asset_scaffold_only","unverified_scaffold_from_entity_extent","False"
"city_c2cf7437","Bellevue, WA","True","saturation_registered","pending_boundary_validation","True"
"city_668d0bd6","Bloomington, MN","True","saturation_registered","pending_boundary_validation","True"
"city_29ef5eb4","Boise, ID","True","saturation_registered","pending_boundary_validation","True"
"city_95b0c3ba","Boston, MA","True","asset_scaffold_only","unverified_scaffold_from_entity_extent","False"
"city_9814694d","Bowling Green, KY","True","saturation_registered","pending_boundary_validation","True"
"city_c4822ada","Broken Arrow, OK","True","saturation_registered","pending_boundary_validation","True"
"city_46d49fea","Chandler, AZ","True","saturation_registered","pending_boundary_validation","True"
"city_5090c3c6","Charlotte, NC","True","asset_scaffold_only","unverified_scaffold_from_entity_extent","False"
"city_b7aea338","Chattanooga, TN","True","saturation_registered","pending_boundary_validation","True"
"city_4c180874","Chicago, IL","True","asset_scaffold_only","unverified_scaffold_from_entity_extent","False"
"city_1e856280","Cincinnati, OH","True","saturation_registered","pending_boundary_validation","True"
"city_5cbb095a","Clarksville, TN","True","saturation_registered","pending_boundary_validation","True"
"city_350fa856","Cleveland, OH","True","saturation_registered","pending_boundary_validation","True"
"city_328b326a","Colorado Springs, CO","True","asset_scaffold_only","unverified_scaffold_from_entity_extent","False"
"city_878f11ab","Columbia, MO","True","saturation_registered","pending_boundary_validation","True"
"city_85e83faa","Columbus, OH","True","asset_scaffold_only","unverified_scaffold_from_entity_extent","False"
"city_f8eaf382","Covington, KY","True","saturation_registered","pending_boundary_validation","True"
"city_5abab5f6","Dallas, TX","True","asset_scaffold_only","unverified_scaffold_from_entity_extent","False"
"city_39d61699","Denver, CO","True","asset_scaffold_only","unverified_scaffold_from_entity_extent","False"
"city_6536761e","Detroit, MI","True","asset_scaffold_only","unverified_scaffold_from_entity_extent","False"
"city_0b8ff86c","Duluth, MN","True","saturation_registered","pending_boundary_validation","True"
"city_78ccf400","Durham, NC","True","saturation_registered","pending_boundary_validation","True"
"city_0c5b904d","Edmond, OK","True","saturation_registered","pending_boundary_validation","True"
"city_990961e3","El Paso, TX","True","asset_scaffold_only","unverified_scaffold_from_entity_extent","False"
"city_46ea53ac","Erie, PA","True","saturation_registered","pending_boundary_validation","True"
"city_eedb043f","Eugene, OR","True","saturation_registered","pending_boundary_validation","True"
"city_9ba60036","Flint, MI","True","saturation_registered","pending_boundary_validation","True"
"city_254d227a","Fort Collins, CO","True","saturation_registered","pending_boundary_validation","True"
"city_47b59fac","Fort Worth, TX","True","asset_scaffold_only","unverified_scaffold_from_entity_extent","False"
"city_c94decbe","Fresno, CA","True","asset_scaffold_only","unverified_scaffold_from_entity_extent","False"
"city_5c4c1c64","Grand Rapids, MI","True","saturation_registered","pending_boundary_validation","True"
"city_0e003b8d","Greensboro, NC","True","saturation_registered","pending_boundary_validation","True"
"city_400670ba","Gresham, OR","True","saturation_registered","pending_boundary_validation","True"
"city_fc1b220f","Henderson, NV","True","saturation_registered","pending_boundary_validation","True"
"city_bf66ad64","Hillsboro, OR","True","saturation_registered","pending_boundary_validation","True"
"city_0a922e63","Houston, TX","True","asset_scaffold_only","unverified_scaffold_from_entity_extent","False"
"city_3fbbe606","Idaho Falls, ID","True","saturation_registered","pending_boundary_validation","True"
"city_16a23f41","Independence, MO","True","saturation_registered","pending_boundary_validation","True"
"city_1ae44e4f","Indianapolis, IN","True","asset_scaffold_only","unverified_scaffold_from_entity_extent","False"
"city_7e936870","Jacksonville, FL","True","asset_scaffold_only","unverified_scaffold_from_entity_extent","False"
"city_828fab47","Kansas City, MO","True","asset_scaffold_only","unverified_scaffold_from_entity_extent","False"
"city_20eb3715","Knoxville, TN","True","saturation_registered","pending_boundary_validation","True"
"city_1138b2d4","Lakewood, CO","True","saturation_registered","pending_boundary_validation","True"
"city_b0cd67a6","Lansing, MI","True","saturation_registered","pending_boundary_validation","True"
"city_fa4dd02c","Las Cruces, NM","True","saturation_registered","pending_boundary_validation","True"
"city_f03b8f57","Las Vegas, NV","True","asset_scaffold_only","unverified_scaffold_from_entity_extent","False"
"city_6509ecc5","Lexington, KY","True","saturation_registered","pending_boundary_validation","True"
"city_0a31d438","Long Beach, CA","True","asset_scaffold_only","unverified_scaffold_from_entity_extent","False"
"city_1f98af58","Los Angeles, CA","True","asset_scaffold_only","unverified_scaffold_from_entity_extent","False"
"city_8e6f63cf","Louisville, KY","True","asset_scaffold_only","unverified_scaffold_from_entity_extent","False"
"city_c79509a4","Memphis, TN","True","asset_scaffold_only","unverified_scaffold_from_entity_extent","False"
"city_72c8b2f9","Meridian, ID","True","saturation_registered","pending_boundary_validation","True"
"city_7d043dae","Mesa, AZ","True","asset_scaffold_only","unverified_scaffold_from_entity_extent","False"
"city_53389926","Miami, FL","True","city_map_ready_reference","verified_reference","False"
"city_3fad7905","Milwaukee, WI","True","asset_scaffold_only","unverified_scaffold_from_entity_extent","False"
"city_1fd1b37f","Minneapolis, MN","True","asset_scaffold_only","unverified_scaffold_from_entity_extent","False"
"city_70af1d0e","Nampa, ID","True","saturation_registered","pending_boundary_validation","True"
"city_154a8fe9","Nashville, TN","True","asset_scaffold_only","unverified_scaffold_from_entity_extent","False"
"city_b5ad2562","New Orleans, LA","True","asset_scaffold_only","unverified_scaffold_from_entity_extent","False"
"city_3d50f2fd","New York, NY","True","asset_scaffold_only","unverified_scaffold_from_entity_extent","False"
"city_9e7d2fb8","Norman, OK","True","saturation_registered","pending_boundary_validation","True"
"city_7662680f","North Las Vegas, NV","True","saturation_registered","pending_boundary_validation","True"
"city_8f664c09","Oakland, CA","True","asset_scaffold_only","unverified_scaffold_from_entity_extent","False"
"city_a2cbee70","Oklahoma City, OK","True","asset_scaffold_only","unverified_scaffold_from_entity_extent","False"
"city_127606b4","Omaha, NE","True","asset_scaffold_only","unverified_scaffold_from_entity_extent","False"
"city_1e4fcd97","Orem, UT","True","saturation_registered","pending_boundary_validation","True"
"city_18d738e7","Orlando, FL","True","saturation_registered","pending_boundary_validation","True"
"city_17fcb829","Owensboro, KY","True","saturation_registered","pending_boundary_validation","True"
"city_01f3a5ed","Philadelphia, PA","True","asset_scaffold_only","unverified_scaffold_from_entity_extent","False"
"city_8635d5db","Phoenix, AZ","True","asset_scaffold_only","unverified_scaffold_from_entity_extent","False"
"city_49bcf5c9","Pittsburgh, PA","True","saturation_registered","pending_boundary_validation","True"
"city_4ada292b","Pocatello, ID","True","saturation_registered","pending_boundary_validation","True"
"city_ab77b2a8","Portland, OR","True","asset_scaffold_only","unverified_scaffold_from_entity_extent","False"
"city_b0c51a5d","Provo, UT","True","saturation_registered","pending_boundary_validation","True"
"city_16f77904","Raleigh, NC","True","asset_scaffold_only","unverified_scaffold_from_entity_extent","False"
"city_b183167f","Reading, PA","True","saturation_registered","pending_boundary_validation","True"
"city_f48df4c8","Reno, NV","True","saturation_registered","pending_boundary_validation","True"
"city_5e423e03","Rio Rancho, NM","True","saturation_registered","pending_boundary_validation","True"
"city_0d4f6d2f","Rochester, MN","True","saturation_registered","pending_boundary_validation","True"
"city_e1fe8704","Roswell, NM","True","saturation_registered","pending_boundary_validation","True"
"city_47748120","Sacramento, CA","True","asset_scaffold_only","unverified_scaffold_from_entity_extent","False"
"city_b27a62e8","Salem, OR","True","saturation_registered","pending_boundary_validation","True"
"city_9b7d017c","Salt Lake City, UT","True","saturation_registered","pending_boundary_validation","True"
"city_c27d5d7f","San Antonio, TX","True","asset_scaffold_only","unverified_scaffold_from_entity_extent","False"
"city_dd17b133","San Diego, CA","True","asset_scaffold_only","unverified_scaffold_from_entity_extent","False"
"city_d2941d41","San Francisco, CA","True","asset_scaffold_only","unverified_scaffold_from_entity_extent","False"
"city_759cd460","San Jose, CA","True","asset_scaffold_only","unverified_scaffold_from_entity_extent","False"
"city_60b147f2","Santa Fe, NM","True","saturation_registered","pending_boundary_validation","True"
"city_c1a02fde","Scottsdale, AZ","True","saturation_registered","pending_boundary_validation","True"
"city_b7ea02a9","Seattle, WA","True","asset_scaffold_only","unverified_scaffold_from_entity_extent","False"
"city_f7bb5b9c","Sparks, NV","True","saturation_registered","pending_boundary_validation","True"
"city_852df262","Spokane, WA","True","saturation_registered","pending_boundary_validation","True"
"city_82649311","Springfield, MO","True","saturation_registered","pending_boundary_validation","True"
"city_2a5ba728","St Louis, MO","True","saturation_registered","pending_boundary_validation","True"
"city_70207d8e","St Paul, MN","True","saturation_registered","pending_boundary_validation","True"
"city_936f1437","St Petersburg, FL","True","saturation_registered","pending_boundary_validation","True"
"city_ef557a57","Tacoma, WA","True","saturation_registered","pending_boundary_validation","True"
"city_af6fd06c","Tampa, FL","True","asset_scaffold_only","unverified_scaffold_from_entity_extent","False"
"city_4cbdb331","Toledo, OH","True","saturation_registered","pending_boundary_validation","True"
"city_b903b4d0","Tucson, AZ","True","asset_scaffold_only","unverified_scaffold_from_entity_extent","False"
"city_936b7d90","Tulsa, OK","True","asset_scaffold_only","unverified_scaffold_from_entity_extent","False"
"city_82e75d40","Vancouver, WA","True","saturation_registered","pending_boundary_validation","True"
"city_29cb8e76","Virginia Beach, VA","True","asset_scaffold_only","unverified_scaffold_from_entity_extent","False"
"city_5fedc010","Washington, DC","True","asset_scaffold_only","unverified_scaffold_from_entity_extent","False"
"city_c084361b","West Jordan, UT","True","saturation_registered","pending_boundary_validation","True"
"city_b6773437","West Valley City, UT","True","saturation_registered","pending_boundary_validation","True"
"city_763449ef","Winston-Salem, NC","True","saturation_registered","pending_boundary_validation","True"
