"Name","FullName","Length","MatchedCities"
"quarantined_synthetic_entities.v1.json","C:\Dev\Nexus_MASTER\public\data\clients\black_dragon\authentication\quarantine\active\quarantined_synthetic_entities.v1.json","1836170","Long Beach, Los Angeles, San Diego, Phoenix, Scottsdale, Mesa, Tucson, Las Vegas"
"entity_authentication_queue.v1.json","C:\Dev\Nexus_MASTER\public\data\clients\black_dragon\authentication\queues\entity_authentication_queue.v1.json","1998525","Long Beach, Los Angeles, San Diego, Phoenix, Scottsdale, Mesa, Tucson, Las Vegas, Henderson"
"verified_runtime_candidates.v1.json","C:\Dev\Nexus_MASTER\public\data\clients\black_dragon\authentication\verified_runtime\verified_runtime_candidates.v1.json","1470080","Long Beach, Los Angeles, San Diego, Phoenix, Scottsdale, Mesa, Tucson, Las Vegas, Henderson"
"runtime_snapshot_history_index.json","C:\Dev\Nexus_MASTER\public\data\clients\black_dragon\automation\history\runtime_snapshot_history_index.json","440","Long Beach"
"runtime_mutation_log.json","C:\Dev\Nexus_MASTER\public\data\clients\black_dragon\automation\mutation_logs\runtime_mutation_log.json","1053","Long Beach"
"runtime_delta_feed_template.json","C:\Dev\Nexus_MASTER\public\data\clients\black_dragon\automation\runtime_delta\runtime_delta_feed_template.json","506","Long Beach"
"long_beach_runtime_snapshot_post_batch_127.json","C:\Dev\Nexus_MASTER\public\data\clients\black_dragon\automation\snapshots\long_beach_runtime_snapshot_post_batch_127.json","2423","Long Beach"
"black_dragon_city_coverage_report.v1.json","C:\Dev\Nexus_MASTER\public\data\clients\black_dragon\black_dragon_city_coverage_report.v1.json","53383","Long Beach, Los Angeles, San Diego, Phoenix, Mesa, Tucson, Las Vegas"
"black_dragon_city_expansion_candidates.v1.json","C:\Dev\Nexus_MASTER\public\data\clients\black_dragon\black_dragon_city_expansion_candidates.v1.json","92237","Long Beach, Los Angeles, San Diego, Phoenix, Mesa, Tucson, Las Vegas"
"black_dragon_city_index.json","C:\Dev\Nexus_MASTER\public\data\clients\black_dragon\black_dragon_city_index.json","13868","Los Angeles, Phoenix"
"black_dragon_major_city_targets.expanded_review.v1.json","C:\Dev\Nexus_MASTER\public\data\clients\black_dragon\black_dragon_major_city_targets.expanded_review.v1.json","110955","Long Beach, Los Angeles, San Diego, Phoenix, Mesa, Tucson, Las Vegas"
"black_dragon_major_city_targets.phase2_plus_ca_fl.v1.json","C:\Dev\Nexus_MASTER\public\data\clients\black_dragon\black_dragon_major_city_targets.phase2_plus_ca_fl.v1.json","182358","Long Beach, Los Angeles, San Diego, Phoenix, Mesa, Tucson, Las Vegas"
"black_dragon_major_city_targets.phase2_review.v1.json","C:\Dev\Nexus_MASTER\public\data\clients\black_dragon\black_dragon_major_city_targets.phase2_review.v1.json","125544","Long Beach, Los Angeles, San Diego, Phoenix, Mesa, Tucson, Las Vegas"
"black_dragon_major_city_targets.v1.json","C:\Dev\Nexus_MASTER\public\data\clients\black_dragon\black_dragon_major_city_targets.v1.json","22579","Long Beach, Los Angeles, San Diego, Phoenix, Mesa, Tucson, Las Vegas"
"book_propagation_map_layer.v1.json","C:\Dev\Nexus_MASTER\public\data\clients\black_dragon\books\map\layers\book_propagation_map_layer.v1.json","1402176","Long Beach, Los Angeles, San Diego, Phoenix, Scottsdale, Mesa, Tucson, Las Vegas, Henderson"
"book_citymap_nodes.v1.json","C:\Dev\Nexus_MASTER\public\data\clients\black_dragon\books\map\runtime\book_citymap_nodes.v1.json","1360797","Long Beach, Los Angeles, San Diego, Phoenix, Scottsdale, Mesa, Tucson, Las Vegas, Henderson"
"los_angeles_cross_city_dedupe.json","C:\Dev\Nexus_MASTER\public\data\clients\black_dragon\candidate_queue\los_angeles\dedupe\los_angeles_cross_city_dedupe.json","10363","Los Angeles"
"san_diego_cross_city_dedupe.json","C:\Dev\Nexus_MASTER\public\data\clients\black_dragon\candidate_queue\san_diego\dedupe\san_diego_cross_city_dedupe.json","8323","San Diego"
"long_beach_autonomous_runtime_checkpoint.json","C:\Dev\Nexus_MASTER\public\data\clients\black_dragon\checkpoints\long_beach_autonomous_runtime\exports\long_beach_autonomous_runtime_checkpoint.json","2511","Long Beach"
"long_beach_city_dossier_stack.json","C:\Dev\Nexus_MASTER\public\data\clients\black_dragon\city_runtime\long_beach\dossiers\long_beach_city_dossier_stack.json","95857","Long Beach, Los Angeles"
"long_beach_city_runtime_summary.json","C:\Dev\Nexus_MASTER\public\data\clients\black_dragon\city_runtime\long_beach\long_beach_city_runtime_summary.json","3333","Long Beach"
"long_beach_map_node_manifest.json","C:\Dev\Nexus_MASTER\public\data\clients\black_dragon\city_runtime\long_beach\map_nodes\long_beach_map_node_manifest.json","44173","Long Beach, Los Angeles"
"long_beach_merged_city_entities.json","C:\Dev\Nexus_MASTER\public\data\clients\black_dragon\city_runtime\long_beach\merged\long_beach_merged_city_entities.json","105429","Long Beach, Los Angeles"
"long_beach_final_city_dossier_stack.json","C:\Dev\Nexus_MASTER\public\data\clients\black_dragon\city_runtime\long_beach_final\dossiers\long_beach_final_city_dossier_stack.json","113443","Long Beach, Los Angeles"
"long_beach_final_runtime_summary.json","C:\Dev\Nexus_MASTER\public\data\clients\black_dragon\city_runtime\long_beach_final\long_beach_final_runtime_summary.json","4818","Long Beach, Los Angeles"
"long_beach_final_map_node_manifest.json","C:\Dev\Nexus_MASTER\public\data\clients\black_dragon\city_runtime\long_beach_final\map_nodes\long_beach_final_map_node_manifest.json","48386","Long Beach, Los Angeles"
"long_beach_final_merged_city_entities.json","C:\Dev\Nexus_MASTER\public\data\clients\black_dragon\city_runtime\long_beach_final\merged\long_beach_final_merged_city_entities.json","124729","Long Beach, Los Angeles"
"los_angeles_runtime_dossiers.json","C:\Dev\Nexus_MASTER\public\data\clients\black_dragon\city_runtime\los_angeles\dossiers\los_angeles_runtime_dossiers.json","14012","Los Angeles"
"los_angeles_runtime_map_nodes.json","C:\Dev\Nexus_MASTER\public\data\clients\black_dragon\city_runtime\los_angeles\map_nodes\los_angeles_runtime_map_nodes.json","5175","Los Angeles"
"los_angeles_merged_city_entities.json","C:\Dev\Nexus_MASTER\public\data\clients\black_dragon\city_runtime\los_angeles\merged\los_angeles_merged_city_entities.json","14063","Los Angeles"
"los_angeles_client_node_cards.json","C:\Dev\Nexus_MASTER\public\data\clients\black_dragon\city_runtime\los_angeles\ui\node_cards\los_angeles_client_node_cards.json","10154","Los Angeles"
"los_angeles_client_overview_panel.json","C:\Dev\Nexus_MASTER\public\data\clients\black_dragon\city_runtime\los_angeles\ui\panels\los_angeles_client_overview_panel.json","1673","Long Beach, Los Angeles"
"los_angeles_client_propagation_feed.json","C:\Dev\Nexus_MASTER\public\data\clients\black_dragon\city_runtime\los_angeles\ui\propagation_feed\los_angeles_client_propagation_feed.json","19353","Los Angeles"
"batch_163_mesa_template_initialization_audit.json","C:\Dev\Nexus_MASTER\public\data\clients\black_dragon\city_runtime\mesa\audit\batch_163_mesa_template_initialization_audit.json","556","Mesa"
"batch_165_mesa_runtime_merge_graph_audit.json","C:\Dev\Nexus_MASTER\public\data\clients\black_dragon\city_runtime\mesa\audit\batch_165_mesa_runtime_merge_graph_audit.json","831","Mesa"
"mesa_runtime_dossiers.json","C:\Dev\Nexus_MASTER\public\data\clients\black_dragon\city_runtime\mesa\dossiers\mesa_runtime_dossiers.json","9015","Mesa"
"mesa_runtime_map_nodes.json","C:\Dev\Nexus_MASTER\public\data\clients\black_dragon\city_runtime\mesa\map_nodes\mesa_runtime_map_nodes.json","4630","Mesa"
"mesa_merged_city_entities.json","C:\Dev\Nexus_MASTER\public\data\clients\black_dragon\city_runtime\mesa\merged\mesa_merged_city_entities.json","11297","Mesa"
"batch_167_mesa_ui_surface_audit.json","C:\Dev\Nexus_MASTER\public\data\clients\black_dragon\city_runtime\mesa\ui\audit\batch_167_mesa_ui_surface_audit.json","497","Mesa"
"mesa_client_node_cards.json","C:\Dev\Nexus_MASTER\public\data\clients\black_dragon\city_runtime\mesa\ui\node_cards\mesa_client_node_cards.json","6622","Mesa"
"mesa_client_overview_panel.json","C:\Dev\Nexus_MASTER\public\data\clients\black_dragon\city_runtime\mesa\ui\panels\mesa_client_overview_panel.json","1113","Mesa"
"mesa_client_propagation_feed.json","C:\Dev\Nexus_MASTER\public\data\clients\black_dragon\city_runtime\mesa\ui\propagation_feed\mesa_client_propagation_feed.json","4454","Mesa"
"batch_158_phoenix_template_initialization_audit.json","C:\Dev\Nexus_MASTER\public\data\clients\black_dragon\city_runtime\phoenix\audit\batch_158_phoenix_template_initialization_audit.json","565","Phoenix"
"batch_160_phoenix_runtime_merge_graph_audit.json","C:\Dev\Nexus_MASTER\public\data\clients\black_dragon\city_runtime\phoenix\audit\batch_160_phoenix_runtime_merge_graph_audit.json","840","Phoenix"
"phoenix_runtime_dossiers.json","C:\Dev\Nexus_MASTER\public\data\clients\black_dragon\city_runtime\phoenix\dossiers\phoenix_runtime_dossiers.json","9084","Phoenix, Scottsdale"
"phoenix_runtime_map_nodes.json","C:\Dev\Nexus_MASTER\public\data\clients\black_dragon\city_runtime\phoenix\map_nodes\phoenix_runtime_map_nodes.json","4656","Phoenix, Scottsdale"
"phoenix_merged_city_entities.json","C:\Dev\Nexus_MASTER\public\data\clients\black_dragon\city_runtime\phoenix\merged\phoenix_merged_city_entities.json","11343","Phoenix, Scottsdale"
"batch_162_phoenix_ui_surface_audit.json","C:\Dev\Nexus_MASTER\public\data\clients\black_dragon\city_runtime\phoenix\ui\audit\batch_162_phoenix_ui_surface_audit.json","503","Phoenix"
"phoenix_client_node_cards.json","C:\Dev\Nexus_MASTER\public\data\clients\black_dragon\city_runtime\phoenix\ui\node_cards\phoenix_client_node_cards.json","6624","Phoenix, Scottsdale"
"phoenix_client_overview_panel.json","C:\Dev\Nexus_MASTER\public\data\clients\black_dragon\city_runtime\phoenix\ui\panels\phoenix_client_overview_panel.json","1128","Phoenix"
"phoenix_client_propagation_feed.json","C:\Dev\Nexus_MASTER\public\data\clients\black_dragon\city_runtime\phoenix\ui\propagation_feed\phoenix_client_propagation_feed.json","4471","Phoenix, Scottsdale"
"san_diego_runtime_dossiers.json","C:\Dev\Nexus_MASTER\public\data\clients\black_dragon\city_runtime\san_diego\dossiers\san_diego_runtime_dossiers.json","9588","San Diego"
"san_diego_runtime_map_nodes.json","C:\Dev\Nexus_MASTER\public\data\clients\black_dragon\city_runtime\san_diego\map_nodes\san_diego_runtime_map_nodes.json","4664","San Diego"
"san_diego_merged_city_entities.json","C:\Dev\Nexus_MASTER\public\data\clients\black_dragon\city_runtime\san_diego\merged\san_diego_merged_city_entities.json","10678","San Diego"
"san_diego_client_node_cards.json","C:\Dev\Nexus_MASTER\public\data\clients\black_dragon\city_runtime\san_diego\ui\node_cards\san_diego_client_node_cards.json","6638","San Diego"
"san_diego_client_overview_panel.json","C:\Dev\Nexus_MASTER\public\data\clients\black_dragon\city_runtime\san_diego\ui\panels\san_diego_client_overview_panel.json","1135","San Diego"
"san_diego_client_propagation_feed.json","C:\Dev\Nexus_MASTER\public\data\clients\black_dragon\city_runtime\san_diego\ui\propagation_feed\san_diego_client_propagation_feed.json","4453","San Diego"
"batch_163_scottsdale_template_initialization_audit.json","C:\Dev\Nexus_MASTER\public\data\clients\black_dragon\city_runtime\scottsdale\audit\batch_163_scottsdale_template_initialization_audit.json","574","Scottsdale"
"batch_165_scottsdale_runtime_merge_graph_audit.json","C:\Dev\Nexus_MASTER\public\data\clients\black_dragon\city_runtime\scottsdale\audit\batch_165_scottsdale_runtime_merge_graph_audit.json","849","Scottsdale"
"scottsdale_runtime_dossiers.json","C:\Dev\Nexus_MASTER\public\data\clients\black_dragon\city_runtime\scottsdale\dossiers\scottsdale_runtime_dossiers.json","9276","Scottsdale"
"scottsdale_runtime_map_nodes.json","C:\Dev\Nexus_MASTER\public\data\clients\black_dragon\city_runtime\scottsdale\map_nodes\scottsdale_runtime_map_nodes.json","4712","Scottsdale"
"scottsdale_merged_city_entities.json","C:\Dev\Nexus_MASTER\public\data\clients\black_dragon\city_runtime\scottsdale\merged\scottsdale_merged_city_entities.json","11581","Scottsdale"
"batch_167_scottsdale_ui_surface_audit.json","C:\Dev\Nexus_MASTER\public\data\clients\black_dragon\city_runtime\scottsdale\ui\audit\batch_167_scottsdale_ui_surface_audit.json","509","Scottsdale"
"scottsdale_client_node_cards.json","C:\Dev\Nexus_MASTER\public\data\clients\black_dragon\city_runtime\scottsdale\ui\node_cards\scottsdale_client_node_cards.json","6734","Scottsdale"
"scottsdale_client_overview_panel.json","C:\Dev\Nexus_MASTER\public\data\clients\black_dragon\city_runtime\scottsdale\ui\panels\scottsdale_client_overview_panel.json","1131","Scottsdale"
"scottsdale_client_propagation_feed.json","C:\Dev\Nexus_MASTER\public\data\clients\black_dragon\city_runtime\scottsdale\ui\propagation_feed\scottsdale_client_propagation_feed.json","4505","Scottsdale"
"batch_163_tucson_template_initialization_audit.json","C:\Dev\Nexus_MASTER\public\data\clients\black_dragon\city_runtime\tucson\audit\batch_163_tucson_template_initialization_audit.json","562","Tucson"
"batch_165_tucson_runtime_merge_graph_audit.json","C:\Dev\Nexus_MASTER\public\data\clients\black_dragon\city_runtime\tucson\audit\batch_165_tucson_runtime_merge_graph_audit.json","837","Tucson"
"tucson_runtime_dossiers.json","C:\Dev\Nexus_MASTER\public\data\clients\black_dragon\city_runtime\tucson\dossiers\tucson_runtime_dossiers.json","9072","Tucson"
"tucson_runtime_map_nodes.json","C:\Dev\Nexus_MASTER\public\data\clients\black_dragon\city_runtime\tucson\map_nodes\tucson_runtime_map_nodes.json","4645","Tucson"
"tucson_merged_city_entities.json","C:\Dev\Nexus_MASTER\public\data\clients\black_dragon\city_runtime\tucson\merged\tucson_merged_city_entities.json","11393","Tucson"
"batch_167_tucson_ui_surface_audit.json","C:\Dev\Nexus_MASTER\public\data\clients\black_dragon\city_runtime\tucson\ui\audit\batch_167_tucson_ui_surface_audit.json","501","Tucson"
"tucson_client_node_cards.json","C:\Dev\Nexus_MASTER\public\data\clients\black_dragon\city_runtime\tucson\ui\node_cards\tucson_client_node_cards.json","6636","Tucson"
"tucson_client_overview_panel.json","C:\Dev\Nexus_MASTER\public\data\clients\black_dragon\city_runtime\tucson\ui\panels\tucson_client_overview_panel.json","1119","Tucson"
"tucson_client_propagation_feed.json","C:\Dev\Nexus_MASTER\public\data\clients\black_dragon\city_runtime\tucson\ui\propagation_feed\tucson_client_propagation_feed.json","4451","Tucson"
"city_runtime_deployment_verify.json","C:\Dev\Nexus_MASTER\public\data\clients\black_dragon\deployment\southern_california\reports\city_runtime_deployment_verify.json","898","Long Beach, Los Angeles, San Diego"
"city_distribution_density_index.v1.json","C:\Dev\Nexus_MASTER\public\data\clients\black_dragon\distribution_density\cities\city_distribution_density_index.v1.json","27285","Los Angeles, San Diego, Phoenix, Mesa, Tucson, Las Vegas"
"distribution_density_mapping.v1.json","C:\Dev\Nexus_MASTER\public\data\clients\black_dragon\distribution_density\runtime\distribution_density_mapping.v1.json","60381","Los Angeles, San Diego, Phoenix, Mesa, Tucson, Las Vegas"
"federation_entities.json","C:\Dev\Nexus_MASTER\public\data\clients\black_dragon\federation\southern_california\graph\federation_entities.json","151838","Long Beach, Los Angeles, San Diego"
"multi_city_propagation_roots.json","C:\Dev\Nexus_MASTER\public\data\clients\black_dragon\federation\southern_california\propagation\roots\multi_city_propagation_roots.json","36167","Long Beach, Los Angeles, San Diego"
"national_propagation_graph_runtime.v1.json","C:\Dev\Nexus_MASTER\public\data\clients\black_dragon\graph\runtime\national_propagation_graph_runtime.v1.json","15170081","Los Angeles, San Diego, Phoenix, Mesa, Tucson, Las Vegas"
"city_influence_index.v1.json","C:\Dev\Nexus_MASTER\public\data\clients\black_dragon\influence\cities\city_influence_index.v1.json","24220","Los Angeles, San Diego, Phoenix, Mesa, Tucson, Las Vegas"
"next_city_selection.json","C:\Dev\Nexus_MASTER\public\data\clients\black_dragon\multi_city\next_city\next_city_selection.json","1215","Long Beach, Los Angeles, San Diego"
"national_city_ecosystem_index.v1.json","C:\Dev\Nexus_MASTER\public\data\clients\black_dragon\national\cities\national_city_ecosystem_index.v1.json","21299","Los Angeles, San Diego, Phoenix, Mesa, Tucson, Las Vegas"
"national_map_nodes.v1.json","C:\Dev\Nexus_MASTER\public\data\clients\black_dragon\national\map\runtime\national_map_nodes.v1.json","1909489","Los Angeles, San Diego, Phoenix, Mesa, Tucson, Las Vegas"
"national_cross_ecosystem_runtime.v1.json","C:\Dev\Nexus_MASTER\public\data\clients\black_dragon\national\runtime\national_cross_ecosystem_runtime.v1.json","1192612","Los Angeles, San Diego, Phoenix, Mesa, Tucson, Las Vegas"
"city_organization_discovery_queue.json","C:\Dev\Nexus_MASTER\public\data\clients\black_dragon\organization_discovery\queues\city_organization_discovery_queue.json","56277","Long Beach, Los Angeles, San Diego, Phoenix, Mesa, Tucson, Las Vegas"
"city_discovery_query_manifest.json","C:\Dev\Nexus_MASTER\public\data\clients\black_dragon\organization_discovery\templates\city_discovery_query_manifest.json","352107","Long Beach, Los Angeles, San Diego, Phoenix, Mesa, Tucson, Las Vegas"
"long_beach_runtime_map_nodes.json","C:\Dev\Nexus_MASTER\public\data\clients\black_dragon\organization_import\runtime\long_beach_runtime_map_nodes.json","8623","Long Beach"
"classified_city_inventory.json","C:\Dev\Nexus_MASTER\public\data\clients\black_dragon\placeholder_purge\exports\classified_city_inventory.json","1105833","Long Beach, Los Angeles, San Diego, Phoenix, Scottsdale, Mesa, Tucson, Las Vegas, Henderson"
"normalized_city_inventory_for_purge.json","C:\Dev\Nexus_MASTER\public\data\clients\black_dragon\placeholder_purge\inputs\normalized_city_inventory_for_purge.json","812561","Long Beach, Los Angeles, San Diego, Phoenix, Scottsdale, Mesa, Tucson, Las Vegas, Henderson"
"nexus_city_inventory_for_black_dragon_expansion.json","C:\Dev\Nexus_MASTER\public\data\clients\black_dragon\runtime_index\exports\nexus_city_inventory_for_black_dragon_expansion.json","474765","Long Beach, Los Angeles, San Diego, Phoenix, Scottsdale, Mesa, Tucson, Las Vegas, Henderson"
"hifld_local_law_enforcement_locations.consolidated_entities.json","C:\Dev\Nexus_MASTER\public\data\clients\black_dragon\source_cache\hifld_local_law_enforcement_locations.consolidated_entities.json","568463","San Diego, Mesa, Henderson"
"batch_168_arizona_two_city_comparison_audit.json","C:\Dev\Nexus_MASTER\public\data\clients\black_dragon\state_federations\arizona\audit\batch_168_arizona_two_city_comparison_audit.json","913","Scottsdale, Mesa"
"arizona_city_initialization_plan.json","C:\Dev\Nexus_MASTER\public\data\clients\black_dragon\state_federations\arizona\cities\arizona_city_initialization_plan.json","1375","Phoenix, Scottsdale, Mesa, Tucson"
"batch_180R_arizona_four_city_rebuild_audit.json","C:\Dev\Nexus_MASTER\public\data\clients\black_dragon\state_federations\arizona\deployment\audit\batch_180R_arizona_four_city_rebuild_audit.json","912","Tucson"
"batch_174_arizona_three_city_federation_audit.json","C:\Dev\Nexus_MASTER\public\data\clients\black_dragon\state_federations\arizona\federation\audit\batch_174_arizona_three_city_federation_audit.json","1469","Phoenix, Scottsdale, Mesa, Tucson"
"arizona_federation_entities.json","C:\Dev\Nexus_MASTER\public\data\clients\black_dragon\state_federations\arizona\federation\graph\arizona_federation_entities.json","46592","Phoenix, Scottsdale, Mesa, Tucson"
"mesa_next_city_selection.json","C:\Dev\Nexus_MASTER\public\data\clients\black_dragon\state_federations\arizona\next_city\mesa_next_city_selection.json","1336","Phoenix, Scottsdale, Mesa, Tucson"
"nevada_city_plan.json","C:\Dev\Nexus_MASTER\public\data\clients\black_dragon\state_federations\nevada\cities\nevada_city_plan.json","959","Las Vegas, Reno, Henderson, Sparks"
"city_expansion_baseline.json","C:\Dev\Nexus_MASTER\public\data\clients\black_dragon\target_expansion\planning\city_expansion_baseline.json","904099","Long Beach, Los Angeles, San Diego, Phoenix, Scottsdale, Mesa, Tucson, Las Vegas, Henderson"
"city_expansion_summary_report.json","C:\Dev\Nexus_MASTER\public\data\clients\black_dragon\target_expansion\planning\city_expansion_summary_report.json","274905","Long Beach, Los Angeles, San Diego, Phoenix, Scottsdale, Mesa, Tucson, Las Vegas, Henderson"
"city_normalized_expansion_baseline.json","C:\Dev\Nexus_MASTER\public\data\clients\black_dragon\target_expansion\planning\city_normalized_expansion_baseline.json","1045987","Long Beach, Los Angeles, San Diego, Phoenix, Scottsdale, Mesa, Tucson, Las Vegas, Henderson"
"city_target_counts.json","C:\Dev\Nexus_MASTER\public\data\clients\black_dragon\target_expansion\planning\city_target_counts.json","274670","Long Beach, Los Angeles, San Diego, Phoenix, Scottsdale, Mesa, Tucson, Las Vegas, Henderson"
"normalized_city_summary_report.json","C:\Dev\Nexus_MASTER\public\data\clients\black_dragon\target_expansion\planning\normalized_city_summary_report.json","40127","Long Beach, Los Angeles, San Diego, Phoenix, Mesa, Tucson, Las Vegas"
"normalized_city_target_counts.clean.json","C:\Dev\Nexus_MASTER\public\data\clients\black_dragon\target_expansion\planning\normalized_city_target_counts.clean.json","75441","Long Beach, Los Angeles, San Diego, Phoenix, Mesa, Tucson, Las Vegas"
"normalized_city_target_counts.json","C:\Dev\Nexus_MASTER\public\data\clients\black_dragon\target_expansion\planning\normalized_city_target_counts.json","39930","Long Beach, Los Angeles, San Diego, Phoenix, Mesa, Tucson, Las Vegas"
"city_expansion_gap_queue.json","C:\Dev\Nexus_MASTER\public\data\clients\black_dragon\target_expansion\queues\city_expansion_gap_queue.json","902320","Long Beach, Los Angeles, San Diego, Phoenix, Scottsdale, Mesa, Tucson, Las Vegas, Henderson"
"normalized_city_expansion_gap_queue.json","C:\Dev\Nexus_MASTER\public\data\clients\black_dragon\target_expansion\queues\normalized_city_expansion_gap_queue.json","58974","Long Beach, Los Angeles, San Diego, Phoenix, Mesa, Tucson, Las Vegas"
"clean_city_expansion_work_queue.json","C:\Dev\Nexus_MASTER\public\data\clients\black_dragon\target_expansion\source_resolution\queues\clean_city_expansion_work_queue.json","26770","Long Beach, Los Angeles, San Diego, Phoenix, Mesa, Tucson, Las Vegas"
"source_query_templates_by_city.json","C:\Dev\Nexus_MASTER\public\data\clients\black_dragon\target_expansion\source_resolution\templates\source_query_templates_by_city.json","54490","Long Beach, Los Angeles, San Diego, Phoenix, Mesa, Tucson, Las Vegas"
"entity_deduplication_output.json","C:\Dev\Nexus_MASTER\public\data\intelligence\outputs\entity_deduplication_output.json","9088","San Diego, Phoenix, Scottsdale, Mesa, Tucson"
"unified_entity_fusion_output.json","C:\Dev\Nexus_MASTER\public\data\intelligence\outputs\unified_entity_fusion_output.json","133343","San Diego, Phoenix, Scottsdale, Mesa, Tucson"
"unified_entity_intelligence_index.json","C:\Dev\Nexus_MASTER\public\data\intelligence\outputs\unified_entity_intelligence_index.json","5191","San Diego, Phoenix, Scottsdale, Mesa, Tucson"
"runtime_entity_cache.json","C:\Dev\Nexus_MASTER\public\data\intelligence\runtime\runtime_entity_cache.json","3408","San Diego, Phoenix, Scottsdale, Mesa, Tucson"
