workbook_row_id,resolution_id,execution_id,import_row_id,organization_seed,source_type,search_query_1,search_query_2,search_query_3,search_query_4,resolved_source_url,resolved_source_title,resolved_organization_name,resolved_contact_page_url,resolved_contact_route,resolved_contact_route_type,resolved_contact_person_or_role,evidence_note,founder_review_notes,resolution_status
BD_RESOLUTION_WORKBOOK_0001,BD_SOURCE_RESOLUTION_0001,IMPORT_EXEC_0001,BD_SOURCE_IMPORT_ROW_000001,State POST Academies,OFFICIAL_STATE_SOURCE,State POST Academies official website,State POST Academies training division contact,State POST Academies law enforcement training contact,State POST Academies public safety training contact,,,,,,,,,,AWAITING_REAL_PUBLIC_SOURCE
BD_RESOLUTION_WORKBOOK_0002,BD_SOURCE_RESOLUTION_0002,IMPORT_EXEC_0002,BD_SOURCE_IMPORT_ROW_000002,Sheriff Associations,OFFICIAL_ASSOCIATION_SOURCE,Sheriff Associations official website,Sheriff Associations training division contact,Sheriff Associations law enforcement training contact,Sheriff Associations public safety training contact,,,,,,,,,,AWAITING_REAL_PUBLIC_SOURCE
BD_RESOLUTION_WORKBOOK_0003,BD_SOURCE_RESOLUTION_0003,IMPORT_EXEC_0003,BD_SOURCE_IMPORT_ROW_000003,Police Training Conferences,PUBLIC_EVENT_SOURCE,Police Training Conferences official website,Police Training Conferences training division contact,Police Training Conferences law enforcement training contact,Police Training Conferences public safety training contact,,,,,,,,,,AWAITING_REAL_PUBLIC_SOURCE
BD_RESOLUTION_WORKBOOK_0004,BD_SOURCE_RESOLUTION_0004,IMPORT_EXEC_0004,BD_SOURCE_IMPORT_ROW_000004,Motorcycle Dealerships,PUBLIC_BUSINESS_SOURCE,Motorcycle Dealerships official website,Motorcycle Dealerships training division contact,Motorcycle Dealerships law enforcement training contact,Motorcycle Dealerships public safety training contact,,,,,,,,,,AWAITING_REAL_PUBLIC_SOURCE
BD_RESOLUTION_WORKBOOK_0005,BD_SOURCE_RESOLUTION_0005,IMPORT_EXEC_0005,BD_SOURCE_IMPORT_ROW_000005,Rider Associations,PUBLIC_ASSOCIATION_SOURCE,Rider Associations official website,Rider Associations training division contact,Rider Associations law enforcement training contact,Rider Associations public safety training contact,,,,,,,,,,AWAITING_REAL_PUBLIC_SOURCE
BD_RESOLUTION_WORKBOOK_0006,BD_SOURCE_RESOLUTION_0006,IMPORT_EXEC_0006,BD_SOURCE_IMPORT_ROW_000006,Motorcycle Rally Organizers,PUBLIC_EVENT_SOURCE,Motorcycle Rally Organizers official website,Motorcycle Rally Organizers training division contact,Motorcycle Rally Organizers law enforcement training contact,Motorcycle Rally Organizers public safety training contact,,,,,,,,,,AWAITING_REAL_PUBLIC_SOURCE
BD_RESOLUTION_WORKBOOK_0007,BD_SOURCE_RESOLUTION_0007,IMPORT_EXEC_0007,BD_SOURCE_IMPORT_ROW_000007,VFW Posts,PUBLIC_VETERAN_SOURCE,VFW Posts official website,VFW Posts training division contact,VFW Posts law enforcement training contact,VFW Posts public safety training contact,,,,,,,,,,AWAITING_REAL_PUBLIC_SOURCE
BD_RESOLUTION_WORKBOOK_0008,BD_SOURCE_RESOLUTION_0008,IMPORT_EXEC_0008,BD_SOURCE_IMPORT_ROW_000008,American Legion Posts,PUBLIC_VETERAN_SOURCE,American Legion Posts official website,American Legion Posts training division contact,American Legion Posts law enforcement training contact,American Legion Posts public safety training contact,,,,,,,,,,AWAITING_REAL_PUBLIC_SOURCE
BD_RESOLUTION_WORKBOOK_0009,BD_SOURCE_RESOLUTION_0009,IMPORT_EXEC_0009,BD_SOURCE_IMPORT_ROW_000009,Combat Veteran Motorcycle Associations,PUBLIC_ASSOCIATION_SOURCE,Combat Veteran Motorcycle Associations official website,Combat Veteran Motorcycle Associations training division contact,Combat Veteran Motorcycle Associations law enforcement training contact,Combat Veteran Motorcycle Associations public safety training contact,,,,,,,,,,AWAITING_REAL_PUBLIC_SOURCE
BD_RESOLUTION_WORKBOOK_0010,BD_SOURCE_RESOLUTION_0010,IMPORT_EXEC_0010,BD_SOURCE_IMPORT_ROW_000010,State POST Academies,OFFICIAL_STATE_SOURCE,State POST Academies official website,State POST Academies training division contact,State POST Academies law enforcement training contact,State POST Academies public safety training contact,,,,,,,,,,AWAITING_REAL_PUBLIC_SOURCE
BD_RESOLUTION_WORKBOOK_0011,BD_SOURCE_RESOLUTION_0011,IMPORT_EXEC_0011,BD_SOURCE_IMPORT_ROW_000011,Sheriff Associations,OFFICIAL_ASSOCIATION_SOURCE,Sheriff Associations official website,Sheriff Associations training division contact,Sheriff Associations law enforcement training contact,Sheriff Associations public safety training contact,,,,,,,,,,AWAITING_REAL_PUBLIC_SOURCE
BD_RESOLUTION_WORKBOOK_0012,BD_SOURCE_RESOLUTION_0012,IMPORT_EXEC_0012,BD_SOURCE_IMPORT_ROW_000012,Police Training Conferences,PUBLIC_EVENT_SOURCE,Police Training Conferences official website,Police Training Conferences training division contact,Police Training Conferences law enforcement training contact,Police Training Conferences public safety training contact,,,,,,,,,,AWAITING_REAL_PUBLIC_SOURCE
BD_RESOLUTION_WORKBOOK_0013,BD_SOURCE_RESOLUTION_0013,IMPORT_EXEC_0013,BD_SOURCE_IMPORT_ROW_000013,Motorcycle Dealerships,PUBLIC_BUSINESS_SOURCE,Motorcycle Dealerships official website,Motorcycle Dealerships training division contact,Motorcycle Dealerships law enforcement training contact,Motorcycle Dealerships public safety training contact,,,,,,,,,,AWAITING_REAL_PUBLIC_SOURCE
BD_RESOLUTION_WORKBOOK_0014,BD_SOURCE_RESOLUTION_0014,IMPORT_EXEC_0014,BD_SOURCE_IMPORT_ROW_000014,Rider Associations,PUBLIC_ASSOCIATION_SOURCE,Rider Associations official website,Rider Associations training division contact,Rider Associations law enforcement training contact,Rider Associations public safety training contact,,,,,,,,,,AWAITING_REAL_PUBLIC_SOURCE
BD_RESOLUTION_WORKBOOK_0015,BD_SOURCE_RESOLUTION_0015,IMPORT_EXEC_0015,BD_SOURCE_IMPORT_ROW_000015,Motorcycle Rally Organizers,PUBLIC_EVENT_SOURCE,Motorcycle Rally Organizers official website,Motorcycle Rally Organizers training division contact,Motorcycle Rally Organizers law enforcement training contact,Motorcycle Rally Organizers public safety training contact,,,,,,,,,,AWAITING_REAL_PUBLIC_SOURCE
BD_RESOLUTION_WORKBOOK_0016,BD_SOURCE_RESOLUTION_0016,IMPORT_EXEC_0016,BD_SOURCE_IMPORT_ROW_000016,VFW Posts,PUBLIC_VETERAN_SOURCE,VFW Posts official website,VFW Posts training division contact,VFW Posts law enforcement training contact,VFW Posts public safety training contact,,,,,,,,,,AWAITING_REAL_PUBLIC_SOURCE
BD_RESOLUTION_WORKBOOK_0017,BD_SOURCE_RESOLUTION_0017,IMPORT_EXEC_0017,BD_SOURCE_IMPORT_ROW_000017,American Legion Posts,PUBLIC_VETERAN_SOURCE,American Legion Posts official website,American Legion Posts training division contact,American Legion Posts law enforcement training contact,American Legion Posts public safety training contact,,,,,,,,,,AWAITING_REAL_PUBLIC_SOURCE
BD_RESOLUTION_WORKBOOK_0018,BD_SOURCE_RESOLUTION_0018,IMPORT_EXEC_0018,BD_SOURCE_IMPORT_ROW_000018,Combat Veteran Motorcycle Associations,PUBLIC_ASSOCIATION_SOURCE,Combat Veteran Motorcycle Associations official website,Combat Veteran Motorcycle Associations training division contact,Combat Veteran Motorcycle Associations law enforcement training contact,Combat Veteran Motorcycle Associations public safety training contact,,,,,,,,,,AWAITING_REAL_PUBLIC_SOURCE
BD_RESOLUTION_WORKBOOK_0019,BD_SOURCE_RESOLUTION_0019,IMPORT_EXEC_0019,BD_SOURCE_IMPORT_ROW_000019,State POST Academies,OFFICIAL_STATE_SOURCE,State POST Academies official website,State POST Academies training division contact,State POST Academies law enforcement training contact,State POST Academies public safety training contact,,,,,,,,,,AWAITING_REAL_PUBLIC_SOURCE
BD_RESOLUTION_WORKBOOK_0020,BD_SOURCE_RESOLUTION_0020,IMPORT_EXEC_0020,BD_SOURCE_IMPORT_ROW_000020,Sheriff Associations,OFFICIAL_ASSOCIATION_SOURCE,Sheriff Associations official website,Sheriff Associations training division contact,Sheriff Associations law enforcement training contact,Sheriff Associations public safety training contact,,,,,,,,,,AWAITING_REAL_PUBLIC_SOURCE
BD_RESOLUTION_WORKBOOK_0021,BD_SOURCE_RESOLUTION_0021,IMPORT_EXEC_0021,BD_SOURCE_IMPORT_ROW_000021,Police Training Conferences,PUBLIC_EVENT_SOURCE,Police Training Conferences official website,Police Training Conferences training division contact,Police Training Conferences law enforcement training contact,Police Training Conferences public safety training contact,,,,,,,,,,AWAITING_REAL_PUBLIC_SOURCE
BD_RESOLUTION_WORKBOOK_0022,BD_SOURCE_RESOLUTION_0022,IMPORT_EXEC_0022,BD_SOURCE_IMPORT_ROW_000022,Motorcycle Dealerships,PUBLIC_BUSINESS_SOURCE,Motorcycle Dealerships official website,Motorcycle Dealerships training division contact,Motorcycle Dealerships law enforcement training contact,Motorcycle Dealerships public safety training contact,,,,,,,,,,AWAITING_REAL_PUBLIC_SOURCE
BD_RESOLUTION_WORKBOOK_0023,BD_SOURCE_RESOLUTION_0023,IMPORT_EXEC_0023,BD_SOURCE_IMPORT_ROW_000023,Rider Associations,PUBLIC_ASSOCIATION_SOURCE,Rider Associations official website,Rider Associations training division contact,Rider Associations law enforcement training contact,Rider Associations public safety training contact,,,,,,,,,,AWAITING_REAL_PUBLIC_SOURCE
BD_RESOLUTION_WORKBOOK_0024,BD_SOURCE_RESOLUTION_0024,IMPORT_EXEC_0024,BD_SOURCE_IMPORT_ROW_000024,Motorcycle Rally Organizers,PUBLIC_EVENT_SOURCE,Motorcycle Rally Organizers official website,Motorcycle Rally Organizers training division contact,Motorcycle Rally Organizers law enforcement training contact,Motorcycle Rally Organizers public safety training contact,,,,,,,,,,AWAITING_REAL_PUBLIC_SOURCE
BD_RESOLUTION_WORKBOOK_0025,BD_SOURCE_RESOLUTION_0025,IMPORT_EXEC_0025,BD_SOURCE_IMPORT_ROW_000025,VFW Posts,PUBLIC_VETERAN_SOURCE,VFW Posts official website,VFW Posts training division contact,VFW Posts law enforcement training contact,VFW Posts public safety training contact,,,,,,,,,,AWAITING_REAL_PUBLIC_SOURCE
BD_RESOLUTION_WORKBOOK_0026,BD_SOURCE_RESOLUTION_0026,IMPORT_EXEC_0026,BD_SOURCE_IMPORT_ROW_000026,American Legion Posts,PUBLIC_VETERAN_SOURCE,American Legion Posts official website,American Legion Posts training division contact,American Legion Posts law enforcement training contact,American Legion Posts public safety training contact,,,,,,,,,,AWAITING_REAL_PUBLIC_SOURCE
BD_RESOLUTION_WORKBOOK_0027,BD_SOURCE_RESOLUTION_0027,IMPORT_EXEC_0027,BD_SOURCE_IMPORT_ROW_000027,Combat Veteran Motorcycle Associations,PUBLIC_ASSOCIATION_SOURCE,Combat Veteran Motorcycle Associations official website,Combat Veteran Motorcycle Associations training division contact,Combat Veteran Motorcycle Associations law enforcement training contact,Combat Veteran Motorcycle Associations public safety training contact,,,,,,,,,,AWAITING_REAL_PUBLIC_SOURCE
BD_RESOLUTION_WORKBOOK_0028,BD_SOURCE_RESOLUTION_0028,IMPORT_EXEC_0028,BD_SOURCE_IMPORT_ROW_000028,State POST Academies,OFFICIAL_STATE_SOURCE,State POST Academies official website,State POST Academies training division contact,State POST Academies law enforcement training contact,State POST Academies public safety training contact,,,,,,,,,,AWAITING_REAL_PUBLIC_SOURCE
BD_RESOLUTION_WORKBOOK_0029,BD_SOURCE_RESOLUTION_0029,IMPORT_EXEC_0029,BD_SOURCE_IMPORT_ROW_000029,Sheriff Associations,OFFICIAL_ASSOCIATION_SOURCE,Sheriff Associations official website,Sheriff Associations training division contact,Sheriff Associations law enforcement training contact,Sheriff Associations public safety training contact,,,,,,,,,,AWAITING_REAL_PUBLIC_SOURCE
BD_RESOLUTION_WORKBOOK_0030,BD_SOURCE_RESOLUTION_0030,IMPORT_EXEC_0030,BD_SOURCE_IMPORT_ROW_000030,Police Training Conferences,PUBLIC_EVENT_SOURCE,Police Training Conferences official website,Police Training Conferences training division contact,Police Training Conferences law enforcement training contact,Police Training Conferences public safety training contact,,,,,,,,,,AWAITING_REAL_PUBLIC_SOURCE
BD_RESOLUTION_WORKBOOK_0031,BD_SOURCE_RESOLUTION_0031,IMPORT_EXEC_0031,BD_SOURCE_IMPORT_ROW_000031,Motorcycle Dealerships,PUBLIC_BUSINESS_SOURCE,Motorcycle Dealerships official website,Motorcycle Dealerships training division contact,Motorcycle Dealerships law enforcement training contact,Motorcycle Dealerships public safety training contact,,,,,,,,,,AWAITING_REAL_PUBLIC_SOURCE
BD_RESOLUTION_WORKBOOK_0032,BD_SOURCE_RESOLUTION_0032,IMPORT_EXEC_0032,BD_SOURCE_IMPORT_ROW_000032,Rider Associations,PUBLIC_ASSOCIATION_SOURCE,Rider Associations official website,Rider Associations training division contact,Rider Associations law enforcement training contact,Rider Associations public safety training contact,,,,,,,,,,AWAITING_REAL_PUBLIC_SOURCE
BD_RESOLUTION_WORKBOOK_0033,BD_SOURCE_RESOLUTION_0033,IMPORT_EXEC_0033,BD_SOURCE_IMPORT_ROW_000033,Motorcycle Rally Organizers,PUBLIC_EVENT_SOURCE,Motorcycle Rally Organizers official website,Motorcycle Rally Organizers training division contact,Motorcycle Rally Organizers law enforcement training contact,Motorcycle Rally Organizers public safety training contact,,,,,,,,,,AWAITING_REAL_PUBLIC_SOURCE
BD_RESOLUTION_WORKBOOK_0034,BD_SOURCE_RESOLUTION_0034,IMPORT_EXEC_0034,BD_SOURCE_IMPORT_ROW_000034,VFW Posts,PUBLIC_VETERAN_SOURCE,VFW Posts official website,VFW Posts training division contact,VFW Posts law enforcement training contact,VFW Posts public safety training contact,,,,,,,,,,AWAITING_REAL_PUBLIC_SOURCE
BD_RESOLUTION_WORKBOOK_0035,BD_SOURCE_RESOLUTION_0035,IMPORT_EXEC_0035,BD_SOURCE_IMPORT_ROW_000035,American Legion Posts,PUBLIC_VETERAN_SOURCE,American Legion Posts official website,American Legion Posts training division contact,American Legion Posts law enforcement training contact,American Legion Posts public safety training contact,,,,,,,,,,AWAITING_REAL_PUBLIC_SOURCE
BD_RESOLUTION_WORKBOOK_0036,BD_SOURCE_RESOLUTION_0036,IMPORT_EXEC_0036,BD_SOURCE_IMPORT_ROW_000036,Combat Veteran Motorcycle Associations,PUBLIC_ASSOCIATION_SOURCE,Combat Veteran Motorcycle Associations official website,Combat Veteran Motorcycle Associations training division contact,Combat Veteran Motorcycle Associations law enforcement training contact,Combat Veteran Motorcycle Associations public safety training contact,,,,,,,,,,AWAITING_REAL_PUBLIC_SOURCE
BD_RESOLUTION_WORKBOOK_0037,BD_SOURCE_RESOLUTION_0037,IMPORT_EXEC_0037,BD_SOURCE_IMPORT_ROW_000037,State POST Academies,OFFICIAL_STATE_SOURCE,State POST Academies official website,State POST Academies training division contact,State POST Academies law enforcement training contact,State POST Academies public safety training contact,,,,,,,,,,AWAITING_REAL_PUBLIC_SOURCE
BD_RESOLUTION_WORKBOOK_0038,BD_SOURCE_RESOLUTION_0038,IMPORT_EXEC_0038,BD_SOURCE_IMPORT_ROW_000038,Sheriff Associations,OFFICIAL_ASSOCIATION_SOURCE,Sheriff Associations official website,Sheriff Associations training division contact,Sheriff Associations law enforcement training contact,Sheriff Associations public safety training contact,,,,,,,,,,AWAITING_REAL_PUBLIC_SOURCE
BD_RESOLUTION_WORKBOOK_0039,BD_SOURCE_RESOLUTION_0039,IMPORT_EXEC_0039,BD_SOURCE_IMPORT_ROW_000039,Police Training Conferences,PUBLIC_EVENT_SOURCE,Police Training Conferences official website,Police Training Conferences training division contact,Police Training Conferences law enforcement training contact,Police Training Conferences public safety training contact,,,,,,,,,,AWAITING_REAL_PUBLIC_SOURCE
BD_RESOLUTION_WORKBOOK_0040,BD_SOURCE_RESOLUTION_0040,IMPORT_EXEC_0040,BD_SOURCE_IMPORT_ROW_000040,Motorcycle Dealerships,PUBLIC_BUSINESS_SOURCE,Motorcycle Dealerships official website,Motorcycle Dealerships training division contact,Motorcycle Dealerships law enforcement training contact,Motorcycle Dealerships public safety training contact,,,,,,,,,,AWAITING_REAL_PUBLIC_SOURCE
BD_RESOLUTION_WORKBOOK_0041,BD_SOURCE_RESOLUTION_0041,IMPORT_EXEC_0041,BD_SOURCE_IMPORT_ROW_000041,Rider Associations,PUBLIC_ASSOCIATION_SOURCE,Rider Associations official website,Rider Associations training division contact,Rider Associations law enforcement training contact,Rider Associations public safety training contact,,,,,,,,,,AWAITING_REAL_PUBLIC_SOURCE
BD_RESOLUTION_WORKBOOK_0042,BD_SOURCE_RESOLUTION_0042,IMPORT_EXEC_0042,BD_SOURCE_IMPORT_ROW_000042,Motorcycle Rally Organizers,PUBLIC_EVENT_SOURCE,Motorcycle Rally Organizers official website,Motorcycle Rally Organizers training division contact,Motorcycle Rally Organizers law enforcement training contact,Motorcycle Rally Organizers public safety training contact,,,,,,,,,,AWAITING_REAL_PUBLIC_SOURCE
BD_RESOLUTION_WORKBOOK_0043,BD_SOURCE_RESOLUTION_0043,IMPORT_EXEC_0043,BD_SOURCE_IMPORT_ROW_000043,VFW Posts,PUBLIC_VETERAN_SOURCE,VFW Posts official website,VFW Posts training division contact,VFW Posts law enforcement training contact,VFW Posts public safety training contact,,,,,,,,,,AWAITING_REAL_PUBLIC_SOURCE
BD_RESOLUTION_WORKBOOK_0044,BD_SOURCE_RESOLUTION_0044,IMPORT_EXEC_0044,BD_SOURCE_IMPORT_ROW_000044,American Legion Posts,PUBLIC_VETERAN_SOURCE,American Legion Posts official website,American Legion Posts training division contact,American Legion Posts law enforcement training contact,American Legion Posts public safety training contact,,,,,,,,,,AWAITING_REAL_PUBLIC_SOURCE
BD_RESOLUTION_WORKBOOK_0045,BD_SOURCE_RESOLUTION_0045,IMPORT_EXEC_0045,BD_SOURCE_IMPORT_ROW_000045,Combat Veteran Motorcycle Associations,PUBLIC_ASSOCIATION_SOURCE,Combat Veteran Motorcycle Associations official website,Combat Veteran Motorcycle Associations training division contact,Combat Veteran Motorcycle Associations law enforcement training contact,Combat Veteran Motorcycle Associations public safety training contact,,,,,,,,,,AWAITING_REAL_PUBLIC_SOURCE
BD_RESOLUTION_WORKBOOK_0046,BD_SOURCE_RESOLUTION_0046,IMPORT_EXEC_0046,BD_SOURCE_IMPORT_ROW_000046,State POST Academies,OFFICIAL_STATE_SOURCE,State POST Academies official website,State POST Academies training division contact,State POST Academies law enforcement training contact,State POST Academies public safety training contact,,,,,,,,,,AWAITING_REAL_PUBLIC_SOURCE
BD_RESOLUTION_WORKBOOK_0047,BD_SOURCE_RESOLUTION_0047,IMPORT_EXEC_0047,BD_SOURCE_IMPORT_ROW_000047,Sheriff Associations,OFFICIAL_ASSOCIATION_SOURCE,Sheriff Associations official website,Sheriff Associations training division contact,Sheriff Associations law enforcement training contact,Sheriff Associations public safety training contact,,,,,,,,,,AWAITING_REAL_PUBLIC_SOURCE
BD_RESOLUTION_WORKBOOK_0048,BD_SOURCE_RESOLUTION_0048,IMPORT_EXEC_0048,BD_SOURCE_IMPORT_ROW_000048,Police Training Conferences,PUBLIC_EVENT_SOURCE,Police Training Conferences official website,Police Training Conferences training division contact,Police Training Conferences law enforcement training contact,Police Training Conferences public safety training contact,,,,,,,,,,AWAITING_REAL_PUBLIC_SOURCE
BD_RESOLUTION_WORKBOOK_0049,BD_SOURCE_RESOLUTION_0049,IMPORT_EXEC_0049,BD_SOURCE_IMPORT_ROW_000049,Motorcycle Dealerships,PUBLIC_BUSINESS_SOURCE,Motorcycle Dealerships official website,Motorcycle Dealerships training division contact,Motorcycle Dealerships law enforcement training contact,Motorcycle Dealerships public safety training contact,,,,,,,,,,AWAITING_REAL_PUBLIC_SOURCE
BD_RESOLUTION_WORKBOOK_0050,BD_SOURCE_RESOLUTION_0050,IMPORT_EXEC_0050,BD_SOURCE_IMPORT_ROW_000050,Rider Associations,PUBLIC_ASSOCIATION_SOURCE,Rider Associations official website,Rider Associations training division contact,Rider Associations law enforcement training contact,Rider Associations public safety training contact,,,,,,,,,,AWAITING_REAL_PUBLIC_SOURCE
BD_RESOLUTION_WORKBOOK_0051,BD_SOURCE_RESOLUTION_0051,IMPORT_EXEC_0051,BD_SOURCE_IMPORT_ROW_000051,Motorcycle Rally Organizers,PUBLIC_EVENT_SOURCE,Motorcycle Rally Organizers official website,Motorcycle Rally Organizers training division contact,Motorcycle Rally Organizers law enforcement training contact,Motorcycle Rally Organizers public safety training contact,,,,,,,,,,AWAITING_REAL_PUBLIC_SOURCE
BD_RESOLUTION_WORKBOOK_0052,BD_SOURCE_RESOLUTION_0052,IMPORT_EXEC_0052,BD_SOURCE_IMPORT_ROW_000052,VFW Posts,PUBLIC_VETERAN_SOURCE,VFW Posts official website,VFW Posts training division contact,VFW Posts law enforcement training contact,VFW Posts public safety training contact,,,,,,,,,,AWAITING_REAL_PUBLIC_SOURCE
BD_RESOLUTION_WORKBOOK_0053,BD_SOURCE_RESOLUTION_0053,IMPORT_EXEC_0053,BD_SOURCE_IMPORT_ROW_000053,American Legion Posts,PUBLIC_VETERAN_SOURCE,American Legion Posts official website,American Legion Posts training division contact,American Legion Posts law enforcement training contact,American Legion Posts public safety training contact,,,,,,,,,,AWAITING_REAL_PUBLIC_SOURCE
BD_RESOLUTION_WORKBOOK_0054,BD_SOURCE_RESOLUTION_0054,IMPORT_EXEC_0054,BD_SOURCE_IMPORT_ROW_000054,Combat Veteran Motorcycle Associations,PUBLIC_ASSOCIATION_SOURCE,Combat Veteran Motorcycle Associations official website,Combat Veteran Motorcycle Associations training division contact,Combat Veteran Motorcycle Associations law enforcement training contact,Combat Veteran Motorcycle Associations public safety training contact,,,,,,,,,,AWAITING_REAL_PUBLIC_SOURCE
BD_RESOLUTION_WORKBOOK_0055,BD_SOURCE_RESOLUTION_0055,IMPORT_EXEC_0055,BD_SOURCE_IMPORT_ROW_000055,State POST Academies,OFFICIAL_STATE_SOURCE,State POST Academies official website,State POST Academies training division contact,State POST Academies law enforcement training contact,State POST Academies public safety training contact,,,,,,,,,,AWAITING_REAL_PUBLIC_SOURCE
BD_RESOLUTION_WORKBOOK_0056,BD_SOURCE_RESOLUTION_0056,IMPORT_EXEC_0056,BD_SOURCE_IMPORT_ROW_000056,Sheriff Associations,OFFICIAL_ASSOCIATION_SOURCE,Sheriff Associations official website,Sheriff Associations training division contact,Sheriff Associations law enforcement training contact,Sheriff Associations public safety training contact,,,,,,,,,,AWAITING_REAL_PUBLIC_SOURCE
BD_RESOLUTION_WORKBOOK_0057,BD_SOURCE_RESOLUTION_0057,IMPORT_EXEC_0057,BD_SOURCE_IMPORT_ROW_000057,Police Training Conferences,PUBLIC_EVENT_SOURCE,Police Training Conferences official website,Police Training Conferences training division contact,Police Training Conferences law enforcement training contact,Police Training Conferences public safety training contact,,,,,,,,,,AWAITING_REAL_PUBLIC_SOURCE
BD_RESOLUTION_WORKBOOK_0058,BD_SOURCE_RESOLUTION_0058,IMPORT_EXEC_0058,BD_SOURCE_IMPORT_ROW_000058,Motorcycle Dealerships,PUBLIC_BUSINESS_SOURCE,Motorcycle Dealerships official website,Motorcycle Dealerships training division contact,Motorcycle Dealerships law enforcement training contact,Motorcycle Dealerships public safety training contact,,,,,,,,,,AWAITING_REAL_PUBLIC_SOURCE
BD_RESOLUTION_WORKBOOK_0059,BD_SOURCE_RESOLUTION_0059,IMPORT_EXEC_0059,BD_SOURCE_IMPORT_ROW_000059,Rider Associations,PUBLIC_ASSOCIATION_SOURCE,Rider Associations official website,Rider Associations training division contact,Rider Associations law enforcement training contact,Rider Associations public safety training contact,,,,,,,,,,AWAITING_REAL_PUBLIC_SOURCE
BD_RESOLUTION_WORKBOOK_0060,BD_SOURCE_RESOLUTION_0060,IMPORT_EXEC_0060,BD_SOURCE_IMPORT_ROW_000060,Motorcycle Rally Organizers,PUBLIC_EVENT_SOURCE,Motorcycle Rally Organizers official website,Motorcycle Rally Organizers training division contact,Motorcycle Rally Organizers law enforcement training contact,Motorcycle Rally Organizers public safety training contact,,,,,,,,,,AWAITING_REAL_PUBLIC_SOURCE
BD_RESOLUTION_WORKBOOK_0061,BD_SOURCE_RESOLUTION_0061,IMPORT_EXEC_0061,BD_SOURCE_IMPORT_ROW_000061,VFW Posts,PUBLIC_VETERAN_SOURCE,VFW Posts official website,VFW Posts training division contact,VFW Posts law enforcement training contact,VFW Posts public safety training contact,,,,,,,,,,AWAITING_REAL_PUBLIC_SOURCE
BD_RESOLUTION_WORKBOOK_0062,BD_SOURCE_RESOLUTION_0062,IMPORT_EXEC_0062,BD_SOURCE_IMPORT_ROW_000062,American Legion Posts,PUBLIC_VETERAN_SOURCE,American Legion Posts official website,American Legion Posts training division contact,American Legion Posts law enforcement training contact,American Legion Posts public safety training contact,,,,,,,,,,AWAITING_REAL_PUBLIC_SOURCE
BD_RESOLUTION_WORKBOOK_0063,BD_SOURCE_RESOLUTION_0063,IMPORT_EXEC_0063,BD_SOURCE_IMPORT_ROW_000063,Combat Veteran Motorcycle Associations,PUBLIC_ASSOCIATION_SOURCE,Combat Veteran Motorcycle Associations official website,Combat Veteran Motorcycle Associations training division contact,Combat Veteran Motorcycle Associations law enforcement training contact,Combat Veteran Motorcycle Associations public safety training contact,,,,,,,,,,AWAITING_REAL_PUBLIC_SOURCE
BD_RESOLUTION_WORKBOOK_0064,BD_SOURCE_RESOLUTION_0064,IMPORT_EXEC_0064,BD_SOURCE_IMPORT_ROW_000064,State POST Academies,OFFICIAL_STATE_SOURCE,State POST Academies official website,State POST Academies training division contact,State POST Academies law enforcement training contact,State POST Academies public safety training contact,,,,,,,,,,AWAITING_REAL_PUBLIC_SOURCE
BD_RESOLUTION_WORKBOOK_0065,BD_SOURCE_RESOLUTION_0065,IMPORT_EXEC_0065,BD_SOURCE_IMPORT_ROW_000065,Sheriff Associations,OFFICIAL_ASSOCIATION_SOURCE,Sheriff Associations official website,Sheriff Associations training division contact,Sheriff Associations law enforcement training contact,Sheriff Associations public safety training contact,,,,,,,,,,AWAITING_REAL_PUBLIC_SOURCE
BD_RESOLUTION_WORKBOOK_0066,BD_SOURCE_RESOLUTION_0066,IMPORT_EXEC_0066,BD_SOURCE_IMPORT_ROW_000066,Police Training Conferences,PUBLIC_EVENT_SOURCE,Police Training Conferences official website,Police Training Conferences training division contact,Police Training Conferences law enforcement training contact,Police Training Conferences public safety training contact,,,,,,,,,,AWAITING_REAL_PUBLIC_SOURCE
BD_RESOLUTION_WORKBOOK_0067,BD_SOURCE_RESOLUTION_0067,IMPORT_EXEC_0067,BD_SOURCE_IMPORT_ROW_000067,Motorcycle Dealerships,PUBLIC_BUSINESS_SOURCE,Motorcycle Dealerships official website,Motorcycle Dealerships training division contact,Motorcycle Dealerships law enforcement training contact,Motorcycle Dealerships public safety training contact,,,,,,,,,,AWAITING_REAL_PUBLIC_SOURCE
BD_RESOLUTION_WORKBOOK_0068,BD_SOURCE_RESOLUTION_0068,IMPORT_EXEC_0068,BD_SOURCE_IMPORT_ROW_000068,Rider Associations,PUBLIC_ASSOCIATION_SOURCE,Rider Associations official website,Rider Associations training division contact,Rider Associations law enforcement training contact,Rider Associations public safety training contact,,,,,,,,,,AWAITING_REAL_PUBLIC_SOURCE
BD_RESOLUTION_WORKBOOK_0069,BD_SOURCE_RESOLUTION_0069,IMPORT_EXEC_0069,BD_SOURCE_IMPORT_ROW_000069,Motorcycle Rally Organizers,PUBLIC_EVENT_SOURCE,Motorcycle Rally Organizers official website,Motorcycle Rally Organizers training division contact,Motorcycle Rally Organizers law enforcement training contact,Motorcycle Rally Organizers public safety training contact,,,,,,,,,,AWAITING_REAL_PUBLIC_SOURCE
BD_RESOLUTION_WORKBOOK_0070,BD_SOURCE_RESOLUTION_0070,IMPORT_EXEC_0070,BD_SOURCE_IMPORT_ROW_000070,VFW Posts,PUBLIC_VETERAN_SOURCE,VFW Posts official website,VFW Posts training division contact,VFW Posts law enforcement training contact,VFW Posts public safety training contact,,,,,,,,,,AWAITING_REAL_PUBLIC_SOURCE
BD_RESOLUTION_WORKBOOK_0071,BD_SOURCE_RESOLUTION_0071,IMPORT_EXEC_0071,BD_SOURCE_IMPORT_ROW_000071,American Legion Posts,PUBLIC_VETERAN_SOURCE,American Legion Posts official website,American Legion Posts training division contact,American Legion Posts law enforcement training contact,American Legion Posts public safety training contact,,,,,,,,,,AWAITING_REAL_PUBLIC_SOURCE
BD_RESOLUTION_WORKBOOK_0072,BD_SOURCE_RESOLUTION_0072,IMPORT_EXEC_0072,BD_SOURCE_IMPORT_ROW_000072,Combat Veteran Motorcycle Associations,PUBLIC_ASSOCIATION_SOURCE,Combat Veteran Motorcycle Associations official website,Combat Veteran Motorcycle Associations training division contact,Combat Veteran Motorcycle Associations law enforcement training contact,Combat Veteran Motorcycle Associations public safety training contact,,,,,,,,,,AWAITING_REAL_PUBLIC_SOURCE
BD_RESOLUTION_WORKBOOK_0073,BD_SOURCE_RESOLUTION_0073,IMPORT_EXEC_0073,BD_SOURCE_IMPORT_ROW_000073,State POST Academies,OFFICIAL_STATE_SOURCE,State POST Academies official website,State POST Academies training division contact,State POST Academies law enforcement training contact,State POST Academies public safety training contact,,,,,,,,,,AWAITING_REAL_PUBLIC_SOURCE
BD_RESOLUTION_WORKBOOK_0074,BD_SOURCE_RESOLUTION_0074,IMPORT_EXEC_0074,BD_SOURCE_IMPORT_ROW_000074,Sheriff Associations,OFFICIAL_ASSOCIATION_SOURCE,Sheriff Associations official website,Sheriff Associations training division contact,Sheriff Associations law enforcement training contact,Sheriff Associations public safety training contact,,,,,,,,,,AWAITING_REAL_PUBLIC_SOURCE
BD_RESOLUTION_WORKBOOK_0075,BD_SOURCE_RESOLUTION_0075,IMPORT_EXEC_0075,BD_SOURCE_IMPORT_ROW_000075,Police Training Conferences,PUBLIC_EVENT_SOURCE,Police Training Conferences official website,Police Training Conferences training division contact,Police Training Conferences law enforcement training contact,Police Training Conferences public safety training contact,,,,,,,,,,AWAITING_REAL_PUBLIC_SOURCE
BD_RESOLUTION_WORKBOOK_0076,BD_SOURCE_RESOLUTION_0076,IMPORT_EXEC_0076,BD_SOURCE_IMPORT_ROW_000076,Motorcycle Dealerships,PUBLIC_BUSINESS_SOURCE,Motorcycle Dealerships official website,Motorcycle Dealerships training division contact,Motorcycle Dealerships law enforcement training contact,Motorcycle Dealerships public safety training contact,,,,,,,,,,AWAITING_REAL_PUBLIC_SOURCE
BD_RESOLUTION_WORKBOOK_0077,BD_SOURCE_RESOLUTION_0077,IMPORT_EXEC_0077,BD_SOURCE_IMPORT_ROW_000077,Rider Associations,PUBLIC_ASSOCIATION_SOURCE,Rider Associations official website,Rider Associations training division contact,Rider Associations law enforcement training contact,Rider Associations public safety training contact,,,,,,,,,,AWAITING_REAL_PUBLIC_SOURCE
BD_RESOLUTION_WORKBOOK_0078,BD_SOURCE_RESOLUTION_0078,IMPORT_EXEC_0078,BD_SOURCE_IMPORT_ROW_000078,Motorcycle Rally Organizers,PUBLIC_EVENT_SOURCE,Motorcycle Rally Organizers official website,Motorcycle Rally Organizers training division contact,Motorcycle Rally Organizers law enforcement training contact,Motorcycle Rally Organizers public safety training contact,,,,,,,,,,AWAITING_REAL_PUBLIC_SOURCE
BD_RESOLUTION_WORKBOOK_0079,BD_SOURCE_RESOLUTION_0079,IMPORT_EXEC_0079,BD_SOURCE_IMPORT_ROW_000079,VFW Posts,PUBLIC_VETERAN_SOURCE,VFW Posts official website,VFW Posts training division contact,VFW Posts law enforcement training contact,VFW Posts public safety training contact,,,,,,,,,,AWAITING_REAL_PUBLIC_SOURCE
BD_RESOLUTION_WORKBOOK_0080,BD_SOURCE_RESOLUTION_0080,IMPORT_EXEC_0080,BD_SOURCE_IMPORT_ROW_000080,American Legion Posts,PUBLIC_VETERAN_SOURCE,American Legion Posts official website,American Legion Posts training division contact,American Legion Posts law enforcement training contact,American Legion Posts public safety training contact,,,,,,,,,,AWAITING_REAL_PUBLIC_SOURCE
BD_RESOLUTION_WORKBOOK_0081,BD_SOURCE_RESOLUTION_0081,IMPORT_EXEC_0081,BD_SOURCE_IMPORT_ROW_000081,Combat Veteran Motorcycle Associations,PUBLIC_ASSOCIATION_SOURCE,Combat Veteran Motorcycle Associations official website,Combat Veteran Motorcycle Associations training division contact,Combat Veteran Motorcycle Associations law enforcement training contact,Combat Veteran Motorcycle Associations public safety training contact,,,,,,,,,,AWAITING_REAL_PUBLIC_SOURCE
BD_RESOLUTION_WORKBOOK_0082,BD_SOURCE_RESOLUTION_0082,IMPORT_EXEC_0082,BD_SOURCE_IMPORT_ROW_000082,State POST Academies,OFFICIAL_STATE_SOURCE,State POST Academies official website,State POST Academies training division contact,State POST Academies law enforcement training contact,State POST Academies public safety training contact,,,,,,,,,,AWAITING_REAL_PUBLIC_SOURCE
BD_RESOLUTION_WORKBOOK_0083,BD_SOURCE_RESOLUTION_0083,IMPORT_EXEC_0083,BD_SOURCE_IMPORT_ROW_000083,Sheriff Associations,OFFICIAL_ASSOCIATION_SOURCE,Sheriff Associations official website,Sheriff Associations training division contact,Sheriff Associations law enforcement training contact,Sheriff Associations public safety training contact,,,,,,,,,,AWAITING_REAL_PUBLIC_SOURCE
BD_RESOLUTION_WORKBOOK_0084,BD_SOURCE_RESOLUTION_0084,IMPORT_EXEC_0084,BD_SOURCE_IMPORT_ROW_000084,Police Training Conferences,PUBLIC_EVENT_SOURCE,Police Training Conferences official website,Police Training Conferences training division contact,Police Training Conferences law enforcement training contact,Police Training Conferences public safety training contact,,,,,,,,,,AWAITING_REAL_PUBLIC_SOURCE
BD_RESOLUTION_WORKBOOK_0085,BD_SOURCE_RESOLUTION_0085,IMPORT_EXEC_0085,BD_SOURCE_IMPORT_ROW_000085,Motorcycle Dealerships,PUBLIC_BUSINESS_SOURCE,Motorcycle Dealerships official website,Motorcycle Dealerships training division contact,Motorcycle Dealerships law enforcement training contact,Motorcycle Dealerships public safety training contact,,,,,,,,,,AWAITING_REAL_PUBLIC_SOURCE
BD_RESOLUTION_WORKBOOK_0086,BD_SOURCE_RESOLUTION_0086,IMPORT_EXEC_0086,BD_SOURCE_IMPORT_ROW_000086,Rider Associations,PUBLIC_ASSOCIATION_SOURCE,Rider Associations official website,Rider Associations training division contact,Rider Associations law enforcement training contact,Rider Associations public safety training contact,,,,,,,,,,AWAITING_REAL_PUBLIC_SOURCE
BD_RESOLUTION_WORKBOOK_0087,BD_SOURCE_RESOLUTION_0087,IMPORT_EXEC_0087,BD_SOURCE_IMPORT_ROW_000087,Motorcycle Rally Organizers,PUBLIC_EVENT_SOURCE,Motorcycle Rally Organizers official website,Motorcycle Rally Organizers training division contact,Motorcycle Rally Organizers law enforcement training contact,Motorcycle Rally Organizers public safety training contact,,,,,,,,,,AWAITING_REAL_PUBLIC_SOURCE
BD_RESOLUTION_WORKBOOK_0088,BD_SOURCE_RESOLUTION_0088,IMPORT_EXEC_0088,BD_SOURCE_IMPORT_ROW_000088,VFW Posts,PUBLIC_VETERAN_SOURCE,VFW Posts official website,VFW Posts training division contact,VFW Posts law enforcement training contact,VFW Posts public safety training contact,,,,,,,,,,AWAITING_REAL_PUBLIC_SOURCE
BD_RESOLUTION_WORKBOOK_0089,BD_SOURCE_RESOLUTION_0089,IMPORT_EXEC_0089,BD_SOURCE_IMPORT_ROW_000089,American Legion Posts,PUBLIC_VETERAN_SOURCE,American Legion Posts official website,American Legion Posts training division contact,American Legion Posts law enforcement training contact,American Legion Posts public safety training contact,,,,,,,,,,AWAITING_REAL_PUBLIC_SOURCE
BD_RESOLUTION_WORKBOOK_0090,BD_SOURCE_RESOLUTION_0090,IMPORT_EXEC_0090,BD_SOURCE_IMPORT_ROW_000090,Combat Veteran Motorcycle Associations,PUBLIC_ASSOCIATION_SOURCE,Combat Veteran Motorcycle Associations official website,Combat Veteran Motorcycle Associations training division contact,Combat Veteran Motorcycle Associations law enforcement training contact,Combat Veteran Motorcycle Associations public safety training contact,,,,,,,,,,AWAITING_REAL_PUBLIC_SOURCE
BD_RESOLUTION_WORKBOOK_0091,BD_SOURCE_RESOLUTION_0091,IMPORT_EXEC_0091,BD_SOURCE_IMPORT_ROW_000091,State POST Academies,OFFICIAL_STATE_SOURCE,State POST Academies official website,State POST Academies training division contact,State POST Academies law enforcement training contact,State POST Academies public safety training contact,,,,,,,,,,AWAITING_REAL_PUBLIC_SOURCE
BD_RESOLUTION_WORKBOOK_0092,BD_SOURCE_RESOLUTION_0092,IMPORT_EXEC_0092,BD_SOURCE_IMPORT_ROW_000092,Sheriff Associations,OFFICIAL_ASSOCIATION_SOURCE,Sheriff Associations official website,Sheriff Associations training division contact,Sheriff Associations law enforcement training contact,Sheriff Associations public safety training contact,,,,,,,,,,AWAITING_REAL_PUBLIC_SOURCE
BD_RESOLUTION_WORKBOOK_0093,BD_SOURCE_RESOLUTION_0093,IMPORT_EXEC_0093,BD_SOURCE_IMPORT_ROW_000093,Police Training Conferences,PUBLIC_EVENT_SOURCE,Police Training Conferences official website,Police Training Conferences training division contact,Police Training Conferences law enforcement training contact,Police Training Conferences public safety training contact,,,,,,,,,,AWAITING_REAL_PUBLIC_SOURCE
BD_RESOLUTION_WORKBOOK_0094,BD_SOURCE_RESOLUTION_0094,IMPORT_EXEC_0094,BD_SOURCE_IMPORT_ROW_000094,Motorcycle Dealerships,PUBLIC_BUSINESS_SOURCE,Motorcycle Dealerships official website,Motorcycle Dealerships training division contact,Motorcycle Dealerships law enforcement training contact,Motorcycle Dealerships public safety training contact,,,,,,,,,,AWAITING_REAL_PUBLIC_SOURCE
BD_RESOLUTION_WORKBOOK_0095,BD_SOURCE_RESOLUTION_0095,IMPORT_EXEC_0095,BD_SOURCE_IMPORT_ROW_000095,Rider Associations,PUBLIC_ASSOCIATION_SOURCE,Rider Associations official website,Rider Associations training division contact,Rider Associations law enforcement training contact,Rider Associations public safety training contact,,,,,,,,,,AWAITING_REAL_PUBLIC_SOURCE
BD_RESOLUTION_WORKBOOK_0096,BD_SOURCE_RESOLUTION_0096,IMPORT_EXEC_0096,BD_SOURCE_IMPORT_ROW_000096,Motorcycle Rally Organizers,PUBLIC_EVENT_SOURCE,Motorcycle Rally Organizers official website,Motorcycle Rally Organizers training division contact,Motorcycle Rally Organizers law enforcement training contact,Motorcycle Rally Organizers public safety training contact,,,,,,,,,,AWAITING_REAL_PUBLIC_SOURCE
BD_RESOLUTION_WORKBOOK_0097,BD_SOURCE_RESOLUTION_0097,IMPORT_EXEC_0097,BD_SOURCE_IMPORT_ROW_000097,VFW Posts,PUBLIC_VETERAN_SOURCE,VFW Posts official website,VFW Posts training division contact,VFW Posts law enforcement training contact,VFW Posts public safety training contact,,,,,,,,,,AWAITING_REAL_PUBLIC_SOURCE
BD_RESOLUTION_WORKBOOK_0098,BD_SOURCE_RESOLUTION_0098,IMPORT_EXEC_0098,BD_SOURCE_IMPORT_ROW_000098,American Legion Posts,PUBLIC_VETERAN_SOURCE,American Legion Posts official website,American Legion Posts training division contact,American Legion Posts law enforcement training contact,American Legion Posts public safety training contact,,,,,,,,,,AWAITING_REAL_PUBLIC_SOURCE
BD_RESOLUTION_WORKBOOK_0099,BD_SOURCE_RESOLUTION_0099,IMPORT_EXEC_0099,BD_SOURCE_IMPORT_ROW_000099,Combat Veteran Motorcycle Associations,PUBLIC_ASSOCIATION_SOURCE,Combat Veteran Motorcycle Associations official website,Combat Veteran Motorcycle Associations training division contact,Combat Veteran Motorcycle Associations law enforcement training contact,Combat Veteran Motorcycle Associations public safety training contact,,,,,,,,,,AWAITING_REAL_PUBLIC_SOURCE
BD_RESOLUTION_WORKBOOK_0100,BD_SOURCE_RESOLUTION_0100,IMPORT_EXEC_0100,BD_SOURCE_IMPORT_ROW_000100,State POST Academies,OFFICIAL_STATE_SOURCE,State POST Academies official website,State POST Academies training division contact,State POST Academies law enforcement training contact,State POST Academies public safety training contact,,,,,,,,,,AWAITING_REAL_PUBLIC_SOURCE
BD_RESOLUTION_WORKBOOK_0101,BD_SOURCE_RESOLUTION_0101,IMPORT_EXEC_0101,BD_SOURCE_IMPORT_ROW_000101,Sheriff Associations,OFFICIAL_ASSOCIATION_SOURCE,Sheriff Associations official website,Sheriff Associations training division contact,Sheriff Associations law enforcement training contact,Sheriff Associations public safety training contact,,,,,,,,,,AWAITING_REAL_PUBLIC_SOURCE
BD_RESOLUTION_WORKBOOK_0102,BD_SOURCE_RESOLUTION_0102,IMPORT_EXEC_0102,BD_SOURCE_IMPORT_ROW_000102,Police Training Conferences,PUBLIC_EVENT_SOURCE,Police Training Conferences official website,Police Training Conferences training division contact,Police Training Conferences law enforcement training contact,Police Training Conferences public safety training contact,,,,,,,,,,AWAITING_REAL_PUBLIC_SOURCE
BD_RESOLUTION_WORKBOOK_0103,BD_SOURCE_RESOLUTION_0103,IMPORT_EXEC_0103,BD_SOURCE_IMPORT_ROW_000103,Motorcycle Dealerships,PUBLIC_BUSINESS_SOURCE,Motorcycle Dealerships official website,Motorcycle Dealerships training division contact,Motorcycle Dealerships law enforcement training contact,Motorcycle Dealerships public safety training contact,,,,,,,,,,AWAITING_REAL_PUBLIC_SOURCE
BD_RESOLUTION_WORKBOOK_0104,BD_SOURCE_RESOLUTION_0104,IMPORT_EXEC_0104,BD_SOURCE_IMPORT_ROW_000104,Rider Associations,PUBLIC_ASSOCIATION_SOURCE,Rider Associations official website,Rider Associations training division contact,Rider Associations law enforcement training contact,Rider Associations public safety training contact,,,,,,,,,,AWAITING_REAL_PUBLIC_SOURCE
BD_RESOLUTION_WORKBOOK_0105,BD_SOURCE_RESOLUTION_0105,IMPORT_EXEC_0105,BD_SOURCE_IMPORT_ROW_000105,Motorcycle Rally Organizers,PUBLIC_EVENT_SOURCE,Motorcycle Rally Organizers official website,Motorcycle Rally Organizers training division contact,Motorcycle Rally Organizers law enforcement training contact,Motorcycle Rally Organizers public safety training contact,,,,,,,,,,AWAITING_REAL_PUBLIC_SOURCE
BD_RESOLUTION_WORKBOOK_0106,BD_SOURCE_RESOLUTION_0106,IMPORT_EXEC_0106,BD_SOURCE_IMPORT_ROW_000106,VFW Posts,PUBLIC_VETERAN_SOURCE,VFW Posts official website,VFW Posts training division contact,VFW Posts law enforcement training contact,VFW Posts public safety training contact,,,,,,,,,,AWAITING_REAL_PUBLIC_SOURCE
BD_RESOLUTION_WORKBOOK_0107,BD_SOURCE_RESOLUTION_0107,IMPORT_EXEC_0107,BD_SOURCE_IMPORT_ROW_000107,American Legion Posts,PUBLIC_VETERAN_SOURCE,American Legion Posts official website,American Legion Posts training division contact,American Legion Posts law enforcement training contact,American Legion Posts public safety training contact,,,,,,,,,,AWAITING_REAL_PUBLIC_SOURCE
BD_RESOLUTION_WORKBOOK_0108,BD_SOURCE_RESOLUTION_0108,IMPORT_EXEC_0108,BD_SOURCE_IMPORT_ROW_000108,Combat Veteran Motorcycle Associations,PUBLIC_ASSOCIATION_SOURCE,Combat Veteran Motorcycle Associations official website,Combat Veteran Motorcycle Associations training division contact,Combat Veteran Motorcycle Associations law enforcement training contact,Combat Veteran Motorcycle Associations public safety training contact,,,,,,,,,,AWAITING_REAL_PUBLIC_SOURCE
BD_RESOLUTION_WORKBOOK_0109,BD_SOURCE_RESOLUTION_0109,IMPORT_EXEC_0109,BD_SOURCE_IMPORT_ROW_000109,State POST Academies,OFFICIAL_STATE_SOURCE,State POST Academies official website,State POST Academies training division contact,State POST Academies law enforcement training contact,State POST Academies public safety training contact,,,,,,,,,,AWAITING_REAL_PUBLIC_SOURCE
BD_RESOLUTION_WORKBOOK_0110,BD_SOURCE_RESOLUTION_0110,IMPORT_EXEC_0110,BD_SOURCE_IMPORT_ROW_000110,Sheriff Associations,OFFICIAL_ASSOCIATION_SOURCE,Sheriff Associations official website,Sheriff Associations training division contact,Sheriff Associations law enforcement training contact,Sheriff Associations public safety training contact,,,,,,,,,,AWAITING_REAL_PUBLIC_SOURCE
BD_RESOLUTION_WORKBOOK_0111,BD_SOURCE_RESOLUTION_0111,IMPORT_EXEC_0111,BD_SOURCE_IMPORT_ROW_000111,Police Training Conferences,PUBLIC_EVENT_SOURCE,Police Training Conferences official website,Police Training Conferences training division contact,Police Training Conferences law enforcement training contact,Police Training Conferences public safety training contact,,,,,,,,,,AWAITING_REAL_PUBLIC_SOURCE
BD_RESOLUTION_WORKBOOK_0112,BD_SOURCE_RESOLUTION_0112,IMPORT_EXEC_0112,BD_SOURCE_IMPORT_ROW_000112,Motorcycle Dealerships,PUBLIC_BUSINESS_SOURCE,Motorcycle Dealerships official website,Motorcycle Dealerships training division contact,Motorcycle Dealerships law enforcement training contact,Motorcycle Dealerships public safety training contact,,,,,,,,,,AWAITING_REAL_PUBLIC_SOURCE
BD_RESOLUTION_WORKBOOK_0113,BD_SOURCE_RESOLUTION_0113,IMPORT_EXEC_0113,BD_SOURCE_IMPORT_ROW_000113,Rider Associations,PUBLIC_ASSOCIATION_SOURCE,Rider Associations official website,Rider Associations training division contact,Rider Associations law enforcement training contact,Rider Associations public safety training contact,,,,,,,,,,AWAITING_REAL_PUBLIC_SOURCE
BD_RESOLUTION_WORKBOOK_0114,BD_SOURCE_RESOLUTION_0114,IMPORT_EXEC_0114,BD_SOURCE_IMPORT_ROW_000114,Motorcycle Rally Organizers,PUBLIC_EVENT_SOURCE,Motorcycle Rally Organizers official website,Motorcycle Rally Organizers training division contact,Motorcycle Rally Organizers law enforcement training contact,Motorcycle Rally Organizers public safety training contact,,,,,,,,,,AWAITING_REAL_PUBLIC_SOURCE
BD_RESOLUTION_WORKBOOK_0115,BD_SOURCE_RESOLUTION_0115,IMPORT_EXEC_0115,BD_SOURCE_IMPORT_ROW_000115,VFW Posts,PUBLIC_VETERAN_SOURCE,VFW Posts official website,VFW Posts training division contact,VFW Posts law enforcement training contact,VFW Posts public safety training contact,,,,,,,,,,AWAITING_REAL_PUBLIC_SOURCE
BD_RESOLUTION_WORKBOOK_0116,BD_SOURCE_RESOLUTION_0116,IMPORT_EXEC_0116,BD_SOURCE_IMPORT_ROW_000116,American Legion Posts,PUBLIC_VETERAN_SOURCE,American Legion Posts official website,American Legion Posts training division contact,American Legion Posts law enforcement training contact,American Legion Posts public safety training contact,,,,,,,,,,AWAITING_REAL_PUBLIC_SOURCE
BD_RESOLUTION_WORKBOOK_0117,BD_SOURCE_RESOLUTION_0117,IMPORT_EXEC_0117,BD_SOURCE_IMPORT_ROW_000117,Combat Veteran Motorcycle Associations,PUBLIC_ASSOCIATION_SOURCE,Combat Veteran Motorcycle Associations official website,Combat Veteran Motorcycle Associations training division contact,Combat Veteran Motorcycle Associations law enforcement training contact,Combat Veteran Motorcycle Associations public safety training contact,,,,,,,,,,AWAITING_REAL_PUBLIC_SOURCE
BD_RESOLUTION_WORKBOOK_0118,BD_SOURCE_RESOLUTION_0118,IMPORT_EXEC_0118,BD_SOURCE_IMPORT_ROW_000118,State POST Academies,OFFICIAL_STATE_SOURCE,State POST Academies official website,State POST Academies training division contact,State POST Academies law enforcement training contact,State POST Academies public safety training contact,,,,,,,,,,AWAITING_REAL_PUBLIC_SOURCE
BD_RESOLUTION_WORKBOOK_0119,BD_SOURCE_RESOLUTION_0119,IMPORT_EXEC_0119,BD_SOURCE_IMPORT_ROW_000119,Sheriff Associations,OFFICIAL_ASSOCIATION_SOURCE,Sheriff Associations official website,Sheriff Associations training division contact,Sheriff Associations law enforcement training contact,Sheriff Associations public safety training contact,,,,,,,,,,AWAITING_REAL_PUBLIC_SOURCE
BD_RESOLUTION_WORKBOOK_0120,BD_SOURCE_RESOLUTION_0120,IMPORT_EXEC_0120,BD_SOURCE_IMPORT_ROW_000120,Police Training Conferences,PUBLIC_EVENT_SOURCE,Police Training Conferences official website,Police Training Conferences training division contact,Police Training Conferences law enforcement training contact,Police Training Conferences public safety training contact,,,,,,,,,,AWAITING_REAL_PUBLIC_SOURCE
BD_RESOLUTION_WORKBOOK_0121,BD_SOURCE_RESOLUTION_0121,IMPORT_EXEC_0121,BD_SOURCE_IMPORT_ROW_000121,Motorcycle Dealerships,PUBLIC_BUSINESS_SOURCE,Motorcycle Dealerships official website,Motorcycle Dealerships training division contact,Motorcycle Dealerships law enforcement training contact,Motorcycle Dealerships public safety training contact,,,,,,,,,,AWAITING_REAL_PUBLIC_SOURCE
BD_RESOLUTION_WORKBOOK_0122,BD_SOURCE_RESOLUTION_0122,IMPORT_EXEC_0122,BD_SOURCE_IMPORT_ROW_000122,Rider Associations,PUBLIC_ASSOCIATION_SOURCE,Rider Associations official website,Rider Associations training division contact,Rider Associations law enforcement training contact,Rider Associations public safety training contact,,,,,,,,,,AWAITING_REAL_PUBLIC_SOURCE
BD_RESOLUTION_WORKBOOK_0123,BD_SOURCE_RESOLUTION_0123,IMPORT_EXEC_0123,BD_SOURCE_IMPORT_ROW_000123,Motorcycle Rally Organizers,PUBLIC_EVENT_SOURCE,Motorcycle Rally Organizers official website,Motorcycle Rally Organizers training division contact,Motorcycle Rally Organizers law enforcement training contact,Motorcycle Rally Organizers public safety training contact,,,,,,,,,,AWAITING_REAL_PUBLIC_SOURCE
BD_RESOLUTION_WORKBOOK_0124,BD_SOURCE_RESOLUTION_0124,IMPORT_EXEC_0124,BD_SOURCE_IMPORT_ROW_000124,VFW Posts,PUBLIC_VETERAN_SOURCE,VFW Posts official website,VFW Posts training division contact,VFW Posts law enforcement training contact,VFW Posts public safety training contact,,,,,,,,,,AWAITING_REAL_PUBLIC_SOURCE
BD_RESOLUTION_WORKBOOK_0125,BD_SOURCE_RESOLUTION_0125,IMPORT_EXEC_0125,BD_SOURCE_IMPORT_ROW_000125,American Legion Posts,PUBLIC_VETERAN_SOURCE,American Legion Posts official website,American Legion Posts training division contact,American Legion Posts law enforcement training contact,American Legion Posts public safety training contact,,,,,,,,,,AWAITING_REAL_PUBLIC_SOURCE
BD_RESOLUTION_WORKBOOK_0126,BD_SOURCE_RESOLUTION_0126,IMPORT_EXEC_0126,BD_SOURCE_IMPORT_ROW_000126,Combat Veteran Motorcycle Associations,PUBLIC_ASSOCIATION_SOURCE,Combat Veteran Motorcycle Associations official website,Combat Veteran Motorcycle Associations training division contact,Combat Veteran Motorcycle Associations law enforcement training contact,Combat Veteran Motorcycle Associations public safety training contact,,,,,,,,,,AWAITING_REAL_PUBLIC_SOURCE
BD_RESOLUTION_WORKBOOK_0127,BD_SOURCE_RESOLUTION_0127,IMPORT_EXEC_0127,BD_SOURCE_IMPORT_ROW_000127,State POST Academies,OFFICIAL_STATE_SOURCE,State POST Academies official website,State POST Academies training division contact,State POST Academies law enforcement training contact,State POST Academies public safety training contact,,,,,,,,,,AWAITING_REAL_PUBLIC_SOURCE
BD_RESOLUTION_WORKBOOK_0128,BD_SOURCE_RESOLUTION_0128,IMPORT_EXEC_0128,BD_SOURCE_IMPORT_ROW_000128,Sheriff Associations,OFFICIAL_ASSOCIATION_SOURCE,Sheriff Associations official website,Sheriff Associations training division contact,Sheriff Associations law enforcement training contact,Sheriff Associations public safety training contact,,,,,,,,,,AWAITING_REAL_PUBLIC_SOURCE
BD_RESOLUTION_WORKBOOK_0129,BD_SOURCE_RESOLUTION_0129,IMPORT_EXEC_0129,BD_SOURCE_IMPORT_ROW_000129,Police Training Conferences,PUBLIC_EVENT_SOURCE,Police Training Conferences official website,Police Training Conferences training division contact,Police Training Conferences law enforcement training contact,Police Training Conferences public safety training contact,,,,,,,,,,AWAITING_REAL_PUBLIC_SOURCE
BD_RESOLUTION_WORKBOOK_0130,BD_SOURCE_RESOLUTION_0130,IMPORT_EXEC_0130,BD_SOURCE_IMPORT_ROW_000130,Motorcycle Dealerships,PUBLIC_BUSINESS_SOURCE,Motorcycle Dealerships official website,Motorcycle Dealerships training division contact,Motorcycle Dealerships law enforcement training contact,Motorcycle Dealerships public safety training contact,,,,,,,,,,AWAITING_REAL_PUBLIC_SOURCE
BD_RESOLUTION_WORKBOOK_0131,BD_SOURCE_RESOLUTION_0131,IMPORT_EXEC_0131,BD_SOURCE_IMPORT_ROW_000131,Rider Associations,PUBLIC_ASSOCIATION_SOURCE,Rider Associations official website,Rider Associations training division contact,Rider Associations law enforcement training contact,Rider Associations public safety training contact,,,,,,,,,,AWAITING_REAL_PUBLIC_SOURCE
BD_RESOLUTION_WORKBOOK_0132,BD_SOURCE_RESOLUTION_0132,IMPORT_EXEC_0132,BD_SOURCE_IMPORT_ROW_000132,Motorcycle Rally Organizers,PUBLIC_EVENT_SOURCE,Motorcycle Rally Organizers official website,Motorcycle Rally Organizers training division contact,Motorcycle Rally Organizers law enforcement training contact,Motorcycle Rally Organizers public safety training contact,,,,,,,,,,AWAITING_REAL_PUBLIC_SOURCE
BD_RESOLUTION_WORKBOOK_0133,BD_SOURCE_RESOLUTION_0133,IMPORT_EXEC_0133,BD_SOURCE_IMPORT_ROW_000133,VFW Posts,PUBLIC_VETERAN_SOURCE,VFW Posts official website,VFW Posts training division contact,VFW Posts law enforcement training contact,VFW Posts public safety training contact,,,,,,,,,,AWAITING_REAL_PUBLIC_SOURCE
BD_RESOLUTION_WORKBOOK_0134,BD_SOURCE_RESOLUTION_0134,IMPORT_EXEC_0134,BD_SOURCE_IMPORT_ROW_000134,American Legion Posts,PUBLIC_VETERAN_SOURCE,American Legion Posts official website,American Legion Posts training division contact,American Legion Posts law enforcement training contact,American Legion Posts public safety training contact,,,,,,,,,,AWAITING_REAL_PUBLIC_SOURCE
BD_RESOLUTION_WORKBOOK_0135,BD_SOURCE_RESOLUTION_0135,IMPORT_EXEC_0135,BD_SOURCE_IMPORT_ROW_000135,Combat Veteran Motorcycle Associations,PUBLIC_ASSOCIATION_SOURCE,Combat Veteran Motorcycle Associations official website,Combat Veteran Motorcycle Associations training division contact,Combat Veteran Motorcycle Associations law enforcement training contact,Combat Veteran Motorcycle Associations public safety training contact,,,,,,,,,,AWAITING_REAL_PUBLIC_SOURCE
BD_RESOLUTION_WORKBOOK_0136,BD_SOURCE_RESOLUTION_0136,IMPORT_EXEC_0136,BD_SOURCE_IMPORT_ROW_000136,State POST Academies,OFFICIAL_STATE_SOURCE,State POST Academies official website,State POST Academies training division contact,State POST Academies law enforcement training contact,State POST Academies public safety training contact,,,,,,,,,,AWAITING_REAL_PUBLIC_SOURCE
BD_RESOLUTION_WORKBOOK_0137,BD_SOURCE_RESOLUTION_0137,IMPORT_EXEC_0137,BD_SOURCE_IMPORT_ROW_000137,Sheriff Associations,OFFICIAL_ASSOCIATION_SOURCE,Sheriff Associations official website,Sheriff Associations training division contact,Sheriff Associations law enforcement training contact,Sheriff Associations public safety training contact,,,,,,,,,,AWAITING_REAL_PUBLIC_SOURCE
BD_RESOLUTION_WORKBOOK_0138,BD_SOURCE_RESOLUTION_0138,IMPORT_EXEC_0138,BD_SOURCE_IMPORT_ROW_000138,Police Training Conferences,PUBLIC_EVENT_SOURCE,Police Training Conferences official website,Police Training Conferences training division contact,Police Training Conferences law enforcement training contact,Police Training Conferences public safety training contact,,,,,,,,,,AWAITING_REAL_PUBLIC_SOURCE
BD_RESOLUTION_WORKBOOK_0139,BD_SOURCE_RESOLUTION_0139,IMPORT_EXEC_0139,BD_SOURCE_IMPORT_ROW_000139,Motorcycle Dealerships,PUBLIC_BUSINESS_SOURCE,Motorcycle Dealerships official website,Motorcycle Dealerships training division contact,Motorcycle Dealerships law enforcement training contact,Motorcycle Dealerships public safety training contact,,,,,,,,,,AWAITING_REAL_PUBLIC_SOURCE
BD_RESOLUTION_WORKBOOK_0140,BD_SOURCE_RESOLUTION_0140,IMPORT_EXEC_0140,BD_SOURCE_IMPORT_ROW_000140,Rider Associations,PUBLIC_ASSOCIATION_SOURCE,Rider Associations official website,Rider Associations training division contact,Rider Associations law enforcement training contact,Rider Associations public safety training contact,,,,,,,,,,AWAITING_REAL_PUBLIC_SOURCE
BD_RESOLUTION_WORKBOOK_0141,BD_SOURCE_RESOLUTION_0141,IMPORT_EXEC_0141,BD_SOURCE_IMPORT_ROW_000141,Motorcycle Rally Organizers,PUBLIC_EVENT_SOURCE,Motorcycle Rally Organizers official website,Motorcycle Rally Organizers training division contact,Motorcycle Rally Organizers law enforcement training contact,Motorcycle Rally Organizers public safety training contact,,,,,,,,,,AWAITING_REAL_PUBLIC_SOURCE
BD_RESOLUTION_WORKBOOK_0142,BD_SOURCE_RESOLUTION_0142,IMPORT_EXEC_0142,BD_SOURCE_IMPORT_ROW_000142,VFW Posts,PUBLIC_VETERAN_SOURCE,VFW Posts official website,VFW Posts training division contact,VFW Posts law enforcement training contact,VFW Posts public safety training contact,,,,,,,,,,AWAITING_REAL_PUBLIC_SOURCE
BD_RESOLUTION_WORKBOOK_0143,BD_SOURCE_RESOLUTION_0143,IMPORT_EXEC_0143,BD_SOURCE_IMPORT_ROW_000143,American Legion Posts,PUBLIC_VETERAN_SOURCE,American Legion Posts official website,American Legion Posts training division contact,American Legion Posts law enforcement training contact,American Legion Posts public safety training contact,,,,,,,,,,AWAITING_REAL_PUBLIC_SOURCE
BD_RESOLUTION_WORKBOOK_0144,BD_SOURCE_RESOLUTION_0144,IMPORT_EXEC_0144,BD_SOURCE_IMPORT_ROW_000144,Combat Veteran Motorcycle Associations,PUBLIC_ASSOCIATION_SOURCE,Combat Veteran Motorcycle Associations official website,Combat Veteran Motorcycle Associations training division contact,Combat Veteran Motorcycle Associations law enforcement training contact,Combat Veteran Motorcycle Associations public safety training contact,,,,,,,,,,AWAITING_REAL_PUBLIC_SOURCE
BD_RESOLUTION_WORKBOOK_0145,BD_SOURCE_RESOLUTION_0145,IMPORT_EXEC_0145,BD_SOURCE_IMPORT_ROW_000145,State POST Academies,OFFICIAL_STATE_SOURCE,State POST Academies official website,State POST Academies training division contact,State POST Academies law enforcement training contact,State POST Academies public safety training contact,,,,,,,,,,AWAITING_REAL_PUBLIC_SOURCE
BD_RESOLUTION_WORKBOOK_0146,BD_SOURCE_RESOLUTION_0146,IMPORT_EXEC_0146,BD_SOURCE_IMPORT_ROW_000146,Sheriff Associations,OFFICIAL_ASSOCIATION_SOURCE,Sheriff Associations official website,Sheriff Associations training division contact,Sheriff Associations law enforcement training contact,Sheriff Associations public safety training contact,,,,,,,,,,AWAITING_REAL_PUBLIC_SOURCE
BD_RESOLUTION_WORKBOOK_0147,BD_SOURCE_RESOLUTION_0147,IMPORT_EXEC_0147,BD_SOURCE_IMPORT_ROW_000147,Police Training Conferences,PUBLIC_EVENT_SOURCE,Police Training Conferences official website,Police Training Conferences training division contact,Police Training Conferences law enforcement training contact,Police Training Conferences public safety training contact,,,,,,,,,,AWAITING_REAL_PUBLIC_SOURCE
BD_RESOLUTION_WORKBOOK_0148,BD_SOURCE_RESOLUTION_0148,IMPORT_EXEC_0148,BD_SOURCE_IMPORT_ROW_000148,Motorcycle Dealerships,PUBLIC_BUSINESS_SOURCE,Motorcycle Dealerships official website,Motorcycle Dealerships training division contact,Motorcycle Dealerships law enforcement training contact,Motorcycle Dealerships public safety training contact,,,,,,,,,,AWAITING_REAL_PUBLIC_SOURCE
BD_RESOLUTION_WORKBOOK_0149,BD_SOURCE_RESOLUTION_0149,IMPORT_EXEC_0149,BD_SOURCE_IMPORT_ROW_000149,Rider Associations,PUBLIC_ASSOCIATION_SOURCE,Rider Associations official website,Rider Associations training division contact,Rider Associations law enforcement training contact,Rider Associations public safety training contact,,,,,,,,,,AWAITING_REAL_PUBLIC_SOURCE
BD_RESOLUTION_WORKBOOK_0150,BD_SOURCE_RESOLUTION_0150,IMPORT_EXEC_0150,BD_SOURCE_IMPORT_ROW_000150,Motorcycle Rally Organizers,PUBLIC_EVENT_SOURCE,Motorcycle Rally Organizers official website,Motorcycle Rally Organizers training division contact,Motorcycle Rally Organizers law enforcement training contact,Motorcycle Rally Organizers public safety training contact,,,,,,,,,,AWAITING_REAL_PUBLIC_SOURCE
BD_RESOLUTION_WORKBOOK_0151,BD_SOURCE_RESOLUTION_0151,IMPORT_EXEC_0151,BD_SOURCE_IMPORT_ROW_000151,VFW Posts,PUBLIC_VETERAN_SOURCE,VFW Posts official website,VFW Posts training division contact,VFW Posts law enforcement training contact,VFW Posts public safety training contact,,,,,,,,,,AWAITING_REAL_PUBLIC_SOURCE
BD_RESOLUTION_WORKBOOK_0152,BD_SOURCE_RESOLUTION_0152,IMPORT_EXEC_0152,BD_SOURCE_IMPORT_ROW_000152,American Legion Posts,PUBLIC_VETERAN_SOURCE,American Legion Posts official website,American Legion Posts training division contact,American Legion Posts law enforcement training contact,American Legion Posts public safety training contact,,,,,,,,,,AWAITING_REAL_PUBLIC_SOURCE
BD_RESOLUTION_WORKBOOK_0153,BD_SOURCE_RESOLUTION_0153,IMPORT_EXEC_0153,BD_SOURCE_IMPORT_ROW_000153,Combat Veteran Motorcycle Associations,PUBLIC_ASSOCIATION_SOURCE,Combat Veteran Motorcycle Associations official website,Combat Veteran Motorcycle Associations training division contact,Combat Veteran Motorcycle Associations law enforcement training contact,Combat Veteran Motorcycle Associations public safety training contact,,,,,,,,,,AWAITING_REAL_PUBLIC_SOURCE
BD_RESOLUTION_WORKBOOK_0154,BD_SOURCE_RESOLUTION_0154,IMPORT_EXEC_0154,BD_SOURCE_IMPORT_ROW_000154,State POST Academies,OFFICIAL_STATE_SOURCE,State POST Academies official website,State POST Academies training division contact,State POST Academies law enforcement training contact,State POST Academies public safety training contact,,,,,,,,,,AWAITING_REAL_PUBLIC_SOURCE
BD_RESOLUTION_WORKBOOK_0155,BD_SOURCE_RESOLUTION_0155,IMPORT_EXEC_0155,BD_SOURCE_IMPORT_ROW_000155,Sheriff Associations,OFFICIAL_ASSOCIATION_SOURCE,Sheriff Associations official website,Sheriff Associations training division contact,Sheriff Associations law enforcement training contact,Sheriff Associations public safety training contact,,,,,,,,,,AWAITING_REAL_PUBLIC_SOURCE
BD_RESOLUTION_WORKBOOK_0156,BD_SOURCE_RESOLUTION_0156,IMPORT_EXEC_0156,BD_SOURCE_IMPORT_ROW_000156,Police Training Conferences,PUBLIC_EVENT_SOURCE,Police Training Conferences official website,Police Training Conferences training division contact,Police Training Conferences law enforcement training contact,Police Training Conferences public safety training contact,,,,,,,,,,AWAITING_REAL_PUBLIC_SOURCE
BD_RESOLUTION_WORKBOOK_0157,BD_SOURCE_RESOLUTION_0157,IMPORT_EXEC_0157,BD_SOURCE_IMPORT_ROW_000157,Motorcycle Dealerships,PUBLIC_BUSINESS_SOURCE,Motorcycle Dealerships official website,Motorcycle Dealerships training division contact,Motorcycle Dealerships law enforcement training contact,Motorcycle Dealerships public safety training contact,,,,,,,,,,AWAITING_REAL_PUBLIC_SOURCE
BD_RESOLUTION_WORKBOOK_0158,BD_SOURCE_RESOLUTION_0158,IMPORT_EXEC_0158,BD_SOURCE_IMPORT_ROW_000158,Rider Associations,PUBLIC_ASSOCIATION_SOURCE,Rider Associations official website,Rider Associations training division contact,Rider Associations law enforcement training contact,Rider Associations public safety training contact,,,,,,,,,,AWAITING_REAL_PUBLIC_SOURCE
BD_RESOLUTION_WORKBOOK_0159,BD_SOURCE_RESOLUTION_0159,IMPORT_EXEC_0159,BD_SOURCE_IMPORT_ROW_000159,Motorcycle Rally Organizers,PUBLIC_EVENT_SOURCE,Motorcycle Rally Organizers official website,Motorcycle Rally Organizers training division contact,Motorcycle Rally Organizers law enforcement training contact,Motorcycle Rally Organizers public safety training contact,,,,,,,,,,AWAITING_REAL_PUBLIC_SOURCE
BD_RESOLUTION_WORKBOOK_0160,BD_SOURCE_RESOLUTION_0160,IMPORT_EXEC_0160,BD_SOURCE_IMPORT_ROW_000160,VFW Posts,PUBLIC_VETERAN_SOURCE,VFW Posts official website,VFW Posts training division contact,VFW Posts law enforcement training contact,VFW Posts public safety training contact,,,,,,,,,,AWAITING_REAL_PUBLIC_SOURCE
BD_RESOLUTION_WORKBOOK_0161,BD_SOURCE_RESOLUTION_0161,IMPORT_EXEC_0161,BD_SOURCE_IMPORT_ROW_000161,American Legion Posts,PUBLIC_VETERAN_SOURCE,American Legion Posts official website,American Legion Posts training division contact,American Legion Posts law enforcement training contact,American Legion Posts public safety training contact,,,,,,,,,,AWAITING_REAL_PUBLIC_SOURCE
BD_RESOLUTION_WORKBOOK_0162,BD_SOURCE_RESOLUTION_0162,IMPORT_EXEC_0162,BD_SOURCE_IMPORT_ROW_000162,Combat Veteran Motorcycle Associations,PUBLIC_ASSOCIATION_SOURCE,Combat Veteran Motorcycle Associations official website,Combat Veteran Motorcycle Associations training division contact,Combat Veteran Motorcycle Associations law enforcement training contact,Combat Veteran Motorcycle Associations public safety training contact,,,,,,,,,,AWAITING_REAL_PUBLIC_SOURCE
BD_RESOLUTION_WORKBOOK_0163,BD_SOURCE_RESOLUTION_0163,IMPORT_EXEC_0163,BD_SOURCE_IMPORT_ROW_000163,State POST Academies,OFFICIAL_STATE_SOURCE,State POST Academies official website,State POST Academies training division contact,State POST Academies law enforcement training contact,State POST Academies public safety training contact,,,,,,,,,,AWAITING_REAL_PUBLIC_SOURCE
BD_RESOLUTION_WORKBOOK_0164,BD_SOURCE_RESOLUTION_0164,IMPORT_EXEC_0164,BD_SOURCE_IMPORT_ROW_000164,Sheriff Associations,OFFICIAL_ASSOCIATION_SOURCE,Sheriff Associations official website,Sheriff Associations training division contact,Sheriff Associations law enforcement training contact,Sheriff Associations public safety training contact,,,,,,,,,,AWAITING_REAL_PUBLIC_SOURCE
BD_RESOLUTION_WORKBOOK_0165,BD_SOURCE_RESOLUTION_0165,IMPORT_EXEC_0165,BD_SOURCE_IMPORT_ROW_000165,Police Training Conferences,PUBLIC_EVENT_SOURCE,Police Training Conferences official website,Police Training Conferences training division contact,Police Training Conferences law enforcement training contact,Police Training Conferences public safety training contact,,,,,,,,,,AWAITING_REAL_PUBLIC_SOURCE
BD_RESOLUTION_WORKBOOK_0166,BD_SOURCE_RESOLUTION_0166,IMPORT_EXEC_0166,BD_SOURCE_IMPORT_ROW_000166,Motorcycle Dealerships,PUBLIC_BUSINESS_SOURCE,Motorcycle Dealerships official website,Motorcycle Dealerships training division contact,Motorcycle Dealerships law enforcement training contact,Motorcycle Dealerships public safety training contact,,,,,,,,,,AWAITING_REAL_PUBLIC_SOURCE
BD_RESOLUTION_WORKBOOK_0167,BD_SOURCE_RESOLUTION_0167,IMPORT_EXEC_0167,BD_SOURCE_IMPORT_ROW_000167,Rider Associations,PUBLIC_ASSOCIATION_SOURCE,Rider Associations official website,Rider Associations training division contact,Rider Associations law enforcement training contact,Rider Associations public safety training contact,,,,,,,,,,AWAITING_REAL_PUBLIC_SOURCE
BD_RESOLUTION_WORKBOOK_0168,BD_SOURCE_RESOLUTION_0168,IMPORT_EXEC_0168,BD_SOURCE_IMPORT_ROW_000168,Motorcycle Rally Organizers,PUBLIC_EVENT_SOURCE,Motorcycle Rally Organizers official website,Motorcycle Rally Organizers training division contact,Motorcycle Rally Organizers law enforcement training contact,Motorcycle Rally Organizers public safety training contact,,,,,,,,,,AWAITING_REAL_PUBLIC_SOURCE
BD_RESOLUTION_WORKBOOK_0169,BD_SOURCE_RESOLUTION_0169,IMPORT_EXEC_0169,BD_SOURCE_IMPORT_ROW_000169,VFW Posts,PUBLIC_VETERAN_SOURCE,VFW Posts official website,VFW Posts training division contact,VFW Posts law enforcement training contact,VFW Posts public safety training contact,,,,,,,,,,AWAITING_REAL_PUBLIC_SOURCE
BD_RESOLUTION_WORKBOOK_0170,BD_SOURCE_RESOLUTION_0170,IMPORT_EXEC_0170,BD_SOURCE_IMPORT_ROW_000170,American Legion Posts,PUBLIC_VETERAN_SOURCE,American Legion Posts official website,American Legion Posts training division contact,American Legion Posts law enforcement training contact,American Legion Posts public safety training contact,,,,,,,,,,AWAITING_REAL_PUBLIC_SOURCE
BD_RESOLUTION_WORKBOOK_0171,BD_SOURCE_RESOLUTION_0171,IMPORT_EXEC_0171,BD_SOURCE_IMPORT_ROW_000171,Combat Veteran Motorcycle Associations,PUBLIC_ASSOCIATION_SOURCE,Combat Veteran Motorcycle Associations official website,Combat Veteran Motorcycle Associations training division contact,Combat Veteran Motorcycle Associations law enforcement training contact,Combat Veteran Motorcycle Associations public safety training contact,,,,,,,,,,AWAITING_REAL_PUBLIC_SOURCE
BD_RESOLUTION_WORKBOOK_0172,BD_SOURCE_RESOLUTION_0172,IMPORT_EXEC_0172,BD_SOURCE_IMPORT_ROW_000172,State POST Academies,OFFICIAL_STATE_SOURCE,State POST Academies official website,State POST Academies training division contact,State POST Academies law enforcement training contact,State POST Academies public safety training contact,,,,,,,,,,AWAITING_REAL_PUBLIC_SOURCE
BD_RESOLUTION_WORKBOOK_0173,BD_SOURCE_RESOLUTION_0173,IMPORT_EXEC_0173,BD_SOURCE_IMPORT_ROW_000173,Sheriff Associations,OFFICIAL_ASSOCIATION_SOURCE,Sheriff Associations official website,Sheriff Associations training division contact,Sheriff Associations law enforcement training contact,Sheriff Associations public safety training contact,,,,,,,,,,AWAITING_REAL_PUBLIC_SOURCE
BD_RESOLUTION_WORKBOOK_0174,BD_SOURCE_RESOLUTION_0174,IMPORT_EXEC_0174,BD_SOURCE_IMPORT_ROW_000174,Police Training Conferences,PUBLIC_EVENT_SOURCE,Police Training Conferences official website,Police Training Conferences training division contact,Police Training Conferences law enforcement training contact,Police Training Conferences public safety training contact,,,,,,,,,,AWAITING_REAL_PUBLIC_SOURCE
BD_RESOLUTION_WORKBOOK_0175,BD_SOURCE_RESOLUTION_0175,IMPORT_EXEC_0175,BD_SOURCE_IMPORT_ROW_000175,Motorcycle Dealerships,PUBLIC_BUSINESS_SOURCE,Motorcycle Dealerships official website,Motorcycle Dealerships training division contact,Motorcycle Dealerships law enforcement training contact,Motorcycle Dealerships public safety training contact,,,,,,,,,,AWAITING_REAL_PUBLIC_SOURCE
BD_RESOLUTION_WORKBOOK_0176,BD_SOURCE_RESOLUTION_0176,IMPORT_EXEC_0176,BD_SOURCE_IMPORT_ROW_000176,Rider Associations,PUBLIC_ASSOCIATION_SOURCE,Rider Associations official website,Rider Associations training division contact,Rider Associations law enforcement training contact,Rider Associations public safety training contact,,,,,,,,,,AWAITING_REAL_PUBLIC_SOURCE
BD_RESOLUTION_WORKBOOK_0177,BD_SOURCE_RESOLUTION_0177,IMPORT_EXEC_0177,BD_SOURCE_IMPORT_ROW_000177,Motorcycle Rally Organizers,PUBLIC_EVENT_SOURCE,Motorcycle Rally Organizers official website,Motorcycle Rally Organizers training division contact,Motorcycle Rally Organizers law enforcement training contact,Motorcycle Rally Organizers public safety training contact,,,,,,,,,,AWAITING_REAL_PUBLIC_SOURCE
BD_RESOLUTION_WORKBOOK_0178,BD_SOURCE_RESOLUTION_0178,IMPORT_EXEC_0178,BD_SOURCE_IMPORT_ROW_000178,VFW Posts,PUBLIC_VETERAN_SOURCE,VFW Posts official website,VFW Posts training division contact,VFW Posts law enforcement training contact,VFW Posts public safety training contact,,,,,,,,,,AWAITING_REAL_PUBLIC_SOURCE
BD_RESOLUTION_WORKBOOK_0179,BD_SOURCE_RESOLUTION_0179,IMPORT_EXEC_0179,BD_SOURCE_IMPORT_ROW_000179,American Legion Posts,PUBLIC_VETERAN_SOURCE,American Legion Posts official website,American Legion Posts training division contact,American Legion Posts law enforcement training contact,American Legion Posts public safety training contact,,,,,,,,,,AWAITING_REAL_PUBLIC_SOURCE
BD_RESOLUTION_WORKBOOK_0180,BD_SOURCE_RESOLUTION_0180,IMPORT_EXEC_0180,BD_SOURCE_IMPORT_ROW_000180,Combat Veteran Motorcycle Associations,PUBLIC_ASSOCIATION_SOURCE,Combat Veteran Motorcycle Associations official website,Combat Veteran Motorcycle Associations training division contact,Combat Veteran Motorcycle Associations law enforcement training contact,Combat Veteran Motorcycle Associations public safety training contact,,,,,,,,,,AWAITING_REAL_PUBLIC_SOURCE